bin_lower,bin_upper,count,mean_confidence,accuracy,gap
0.5,0.55,340,0.5259298885569853,0.5029411764705882,0.02298871208639708
0.55,0.6,285,0.5759551466557018,0.5649122807017544,0.011042865953947434
0.6,0.65,286,0.6255685232736014,0.5874125874125874,0.038155935861013957
0.65,0.7,294,0.6754382905505952,0.6122448979591837,0.06319339259141155
0.7,0.75,265,0.7245089548938679,0.6754716981132075,0.0490372567806604
0.75,0.8,247,0.7743690892269737,0.6720647773279352,0.10230431189903844
0.8,0.8500000000000001,238,0.8242597820378151,0.7815126050420168,0.04274717699579833
0.8500000000000001,0.9,240,0.874902852376302,0.7791666666666667,0.09573618570963538
0.9,0.95,219,0.9266113559949344,0.8447488584474886,0.08186249754744579
0.95,1.0,325,0.977992121007728,0.8953846153846153,0.0826075056231127
