path,bytes,sha256
multimodal-fake-news-detection/results/case_studies/all_32_multimodal_cases.csv,10143,74e014274ab2348027d790719205be9826ee205a6c3e253b59db2801f92e81ba
multimodal-fake-news-detection/results/case_studies/selected_8_case_studies.csv,2657,029a2c59bf66485ec8fc37400128d1afc63dfa78dfcd0a93566683c8791e1863
multimodal-fake-news-detection/results/figures/eda/cleaned_text_length_distribution.png,65141,88461b5e8e7487ac7d09f528377952f6af2dce68d48f414337118bf23769acd0
multimodal-fake-news-detection/results/figures/eda/image_height_distribution.png,64100,7a7abaa2a860b658ec74318b5ea473f8fb143a1baa4d1f0af5cf153062abe6f9
multimodal-fake-news-detection/results/figures/eda/image_removal_rate_by_class.png,57841,544f3b63334d20a98b76ad625b191b4bd5632f9fac45b79dd528e40a1869712e
multimodal-fake-news-detection/results/figures/eda/image_width_distribution.png,66565,1ba4e47bba0bf527ab6ef5666e5db022884cdf972bef6d7d9f7c24b3ba299898
multimodal-fake-news-detection/results/figures/eda/placeholder_images_by_split.png,63119,8c3baba2e57113abc1fb55a7c4dce10faf3851061e71ab14d5937e84f7a914f6
multimodal-fake-news-detection/results/figures/eda/test_class_distribution_original_vs_cleaned.png,56834,53a656ae472836d234de2ae8b44e749f3e5d641a9ac59fac9a8714912826782d
multimodal-fake-news-detection/results/figures/eda/train_class_distribution_original_vs_cleaned.png,56666,9359ad841829fa2547fb040502ae23743e83b84f0c63daa38e0e057003f3c70b
multimodal-fake-news-detection/results/figures/eda/usable_images_by_split.png,69536,2df0f393ad841282e752cfd911df9c4b94b980de9580cd80c40b8b303de80df1
multimodal-fake-news-detection/results/figures/eda/validation_class_distribution_original_vs_cleaned.png,57726,1c6c99ecce4005cac0ff46ba0bf2b0212aee15c4d7b6b433500da20108c58c47
multimodal-fake-news-detection/results/figures/roberta_baseline/test_confusion_matrix.png,64787,266e3854be9fe87b8bbcc95d77f591523fa036e61852ca0bc2856b3b98773f5f
multimodal-fake-news-detection/results/figures/roberta_baseline/training_validation_loss.png,103645,f23a87e98ef6ec77f726a6ba2d4abef72e9f3a8af601b6735f1bf2df1e88b7c4
multimodal-fake-news-detection/results/figures/roberta_baseline/validation_macro_f1.png,92882,1c878ff9cb6bb1db9569ac4a79aea7c0b728c629a9f4f3994e9a311ab1f68a65
multimodal-fake-news-detection/results/gradcam/both_correct/1d4es4.jpg,7408,b0c7ada0b7501a76a514492545632595fef702f5725db7a6f0e5f120ee2fb252
multimodal-fake-news-detection/results/gradcam/both_correct/1r5ley.jpg,6077,12f9e7728074cf00b8633b9b955f5a419248a0bea1b1445ba4da938bd5a7c600
multimodal-fake-news-detection/results/gradcam/both_correct/2gnwue.jpg,5137,de9d751ff0fede5d5a3ee7a8cd5e2043c5c6fb546f976809a936c3d424048b0d
multimodal-fake-news-detection/results/gradcam/both_correct/2hyhbp.jpg,9607,0e5398660f597e9641973134d2f31ee7e3d702edcf595e1d507d51bd67a65e76
multimodal-fake-news-detection/results/gradcam/both_correct/3gvt03.jpg,6087,45a55f3d2e0e8e291adccdc952ccfb375bf9e137608368ee0568c065c2165f1d
multimodal-fake-news-detection/results/gradcam/both_correct/4g47q0.jpg,9363,7d9ba90dba768aed80a6f16193227fd391c297ad3604d6f7a15de2aee38f95f3
multimodal-fake-news-detection/results/gradcam/both_correct/67xmj0.jpg,8831,9c8d932ed623a75236c6a7970950de079c83c430ed6cdb30690ed8fad44ed175
multimodal-fake-news-detection/results/gradcam/both_correct/7nfptv.jpg,5075,bd813fa91aa2b0ed8fb281939e7557cadd5ed9f6b4b430c983bb82d18acb1ebf
multimodal-fake-news-detection/results/gradcam/both_wrong/97ryrw.jpg,3997,e7591f958a3feab28119a4952c37dacdb9b906940247a7648e0a0db75af36461
multimodal-fake-news-detection/results/gradcam/both_wrong/9k313w.jpg,6387,8d1de2c02d148f915dd1a4103346709adf7c5e50bf866e9375d2f2de67d1f901
multimodal-fake-news-detection/results/gradcam/both_wrong/aufhxu.jpg,7266,108560ab63ea5bcece3934ee87984547aed5c4b504abdc0d7014c2f5c415b26d
multimodal-fake-news-detection/results/gradcam/both_wrong/bdos33.jpg,5472,c32408fca15179a26085ae646ce8869fd4ddae735d859232fef9cea5e6d8deaf
multimodal-fake-news-detection/results/gradcam/both_wrong/bt3pd9.jpg,11657,dce829ffa6667bb295fe40e405c9bec1ec996bff14ea5ed25b77f81e0ae6fed1
multimodal-fake-news-detection/results/gradcam/both_wrong/c81cd2.jpg,9149,b88634419f6a5bb4b1bbd5b2efb7f80b37be086507833c0e1414f15e880de061
multimodal-fake-news-detection/results/gradcam/both_wrong/cnvfog.jpg,5869,989ea46dce88497ac3107d78992fdbf0fb353d03af3a21e36a5aa3c9f9447ad5
multimodal-fake-news-detection/results/gradcam/both_wrong/dry4tko.jpg,6673,639d26a35ca2c2b52f0533658afe30440911b70e5792b7b4a37ab5c2a5224d29
multimodal-fake-news-detection/results/gradcam/fusion_only_correct/17zxim.jpg,7922,f4b249fc02c5a5186077675b475f9ba540cc3bf360a3cede0cc7345b901c3e01
multimodal-fake-news-detection/results/gradcam/fusion_only_correct/1nsjvc.jpg,8366,0e931834791c84d72bcc1ca6bc3f9676f83b261e337d20673a19782fa0c48702
multimodal-fake-news-detection/results/gradcam/fusion_only_correct/3l7w2i.jpg,5501,8e9670d9ddf8c4dd908d86f3a6211c9677edcba30a733311d5cfc8fb34f8a008
multimodal-fake-news-detection/results/gradcam/fusion_only_correct/4wk154.jpg,9318,3b57b5dc53b7bea89057b750d53cea15c89e0a0d259f325d1b9be7d7928491fc
multimodal-fake-news-detection/results/gradcam/fusion_only_correct/6ajvje.jpg,6389,2c56619483ce7ab61f14dc5d681246e1215c59ea1a53a5e4d38f3f7a06b08f59
multimodal-fake-news-detection/results/gradcam/fusion_only_correct/76lwzc.jpg,4969,d721f494f1d4f05042bade212b84b2c9c4bd0732ed0cc81fcc5acc79aa77567d
multimodal-fake-news-detection/results/gradcam/fusion_only_correct/cqs6ua.jpg,5042,818651255a214b3a7e1373b88a5d2b7fc3533d477d4a9460b674e91804d049b0
multimodal-fake-news-detection/results/gradcam/fusion_only_correct/d0pjmv.jpg,6978,03332d1a070595f27ef3c691597774db17e339ce1c152367a249991d73c9c7d8
multimodal-fake-news-detection/results/gradcam/gradcam_case_summary.csv,7180,8844d172180767dbc1fad1c3b38deb332f7df3508d47410a1a21fc4b90687744
multimodal-fake-news-detection/results/gradcam/roberta_only_correct/3g1zqo.jpg,9642,93885f731e3c030b9195f5a200ac12996147e3fd90735f9bc8e7edc4ee0db494
multimodal-fake-news-detection/results/gradcam/roberta_only_correct/3p3t2p.jpg,2687,3236f56fbc35d8f6f791ccd780fc30d26f7f70d7268e033677646d68446f7d44
multimodal-fake-news-detection/results/gradcam/roberta_only_correct/8arzp9.jpg,5542,09a69aa3e001f0d2193f1b9a452b901ce78b91b9ed1b4b71991a0e7e1801f4fe
multimodal-fake-news-detection/results/gradcam/roberta_only_correct/b8z5wj.jpg,7568,b61e4c8b143a5b5e660e8599bea2c95e020eda556e669b2fc0ce5c457d3bd787
multimodal-fake-news-detection/results/gradcam/roberta_only_correct/ccaqqw.jpg,6257,3fcc9622f98ccb17811b0bf0609acd3a7ec9fb2b1d1cc830e8491378a0f87eef
multimodal-fake-news-detection/results/gradcam/roberta_only_correct/cekvz9.jpg,4397,4281de81539acbef20d23a252fa1bb6c7726532bd28d2d8452ee87c02fcb9fef
multimodal-fake-news-detection/results/gradcam/roberta_only_correct/cxnsqh.jpg,6829,d5e0412e252f45c9288bb9bad021aaa43ddb251f5ca3d0bbe172c2b22b133d64
multimodal-fake-news-detection/results/gradcam/roberta_only_correct/wrqf2.jpg,8184,1b26ce32bfe46c3694585c6eff367fe460aa3656cd9bdc223db596159ab53b25
multimodal-fake-news-detection/results/metrics/baseline_probabilities/resnet_test.csv,51601,520ec2fbc96a68154fd10e9dd3469c976d4d44f62171900c2b55d319f6421f6c
multimodal-fake-news-detection/results/metrics/baseline_probabilities/resnet_validation.csv,51467,ead4c427167f3b542aca4b5ccfa22eb7b1efb7745ef90466a263584e896d8a3f
multimodal-fake-news-detection/results/metrics/baseline_probabilities/roberta_test.csv,52431,7261adf55ed8f9a0df25dd164061ebf5ef9c8ba2fc7a3b3290b82a0bc7ec9cd4
multimodal-fake-news-detection/results/metrics/baseline_probabilities/roberta_validation.csv,52407,7d23b1812ae38891104ef845bf45b31cacf490aa82d9dee2d22a6679c86d1887
multimodal-fake-news-detection/results/metrics/calibration_analysis/calibration_summary.csv,396,325366ee7f4121ad37da06cd058bc4c01ed69552ca67a12b0fcb89df63678598
multimodal-fake-news-detection/results/metrics/calibration_analysis/late_fusion_calibration_bins.csv,808,ecdaa5ccc1014803bc9d26ada4349fcb5528c35696ffbcf737ca49bc362855fc
multimodal-fake-news-detection/results/metrics/calibration_analysis/resnet_calibration_bins.csv,790,a4a0752d0bc66916596bfbed4f14ed283bdc5862c7e3781202f7d802b7babbc0
multimodal-fake-news-detection/results/metrics/calibration_analysis/results.json,847,24b2654c18c863fa3811eb825c780c6f68cdb179a1ea1bf6e266a3b32546ff13
multimodal-fake-news-detection/results/metrics/calibration_analysis/roberta_calibration_bins.csv,796,c3a29d91b6fa0c7252bc2d9fe5164d55c15b7f6474f5667b36de3bae95ed6fd6
multimodal-fake-news-detection/results/metrics/error_analysis/fusion_lost_cases.csv,44459,c21406bdf5d2c61e1bc0affd4a72e8334920254eedbe5772fc9a6e9006429745
multimodal-fake-news-detection/results/metrics/error_analysis/fusion_recovered_cases.csv,62808,d1c05ae0cf3e71a21dc8b0c4d8acdaca6cebd5a439a15782df2f1feba0013f3a
multimodal-fake-news-detection/results/metrics/error_analysis/paired_test_error_analysis.csv,954199,a2f72f4a6e197fc67b48402a960a07bb7df1ea0ee70d324ab9997973035775f2
multimodal-fake-news-detection/results/metrics/error_analysis/summary.json,518,ba5675a3c4d920c9c50340b5578514b4bbcb5a73c1976e86c27e949f3507071f
multimodal-fake-news-detection/results/metrics/fakeddit_audit.json,5692,6a20fdb2fbfa0b5b4e5a6522be5ddd00912c4c22b6460516e99d69a1b21d9534
multimodal-fake-news-detection/results/metrics/fakeddit_data_freeze.json,1176,a298ac4d1eb719821fbe85033aa1eca75aeaa8dc47bf1a5d55395f4826ef7131
multimodal-fake-news-detection/results/metrics/fakeddit_eda_summary.csv,551,9fd779ada011733cc415458f2dc25fe97edbbe2d661e9ac95b1db5da4d6799a1
multimodal-fake-news-detection/results/metrics/fakeddit_image_integrity_summary.json,718,08a2073c898a0806fb728179a6c981f6c82f3ca63a0dcf4cce380cbae8def5ca
multimodal-fake-news-detection/results/metrics/fakeddit_placeholder_source_analysis.csv,88,033eb53bd22552919923ee0b1cddfd3745bbf86b34a4e565f2bb93ea3a0be29c
multimodal-fake-news-detection/results/metrics/fakeddit_split_leakage.json,468,1a4003e6a55c520f1d87e8b6822fc020f5ee1c4c5894796d3fe04799aed33b69
multimodal-fake-news-detection/results/metrics/fakeddit_test_duplicate_hashes.csv,152,ed0b57ba897faed27759bfd31decc4f5c2dcafb01ff2d44cb1b1e4956c38e66b
multimodal-fake-news-detection/results/metrics/fakeddit_test_image_download_failures.csv,49078,8fc6d74cb6a76778ca8806e68be881a9dc4da4222ac74ecccb53ec5c827109fe
multimodal-fake-news-detection/results/metrics/fakeddit_test_image_integrity.csv,324968,42d366ffa405cb6848b3b5ef5253c21b857aba44424234382d23820d1a7a70bc
multimodal-fake-news-detection/results/metrics/fakeddit_token_lengths.json,1393,1b834073ee080a8bc123ede961dc59e3312c082bb9ed28bc94d56408f9887f3a
multimodal-fake-news-detection/results/metrics/fakeddit_train_duplicate_hashes.csv,2397,fa7001a0429c74ea11d45555bb31c2c7f8997d50b74c20974f1e27560f285fce
multimodal-fake-news-detection/results/metrics/fakeddit_train_image_download_failures.csv,296948,1f8405611dcf38c18468336c5cbd4145a7307db49db7046a19c03c04215e0072
multimodal-fake-news-detection/results/metrics/fakeddit_train_image_integrity.csv,2169807,5ec513e278c714a8e01e1641228831fbbcd4745ebdeadd22a8df1f615de08785
multimodal-fake-news-detection/results/metrics/fakeddit_validation_duplicate_hashes.csv,356,d5850952a81317e52426bee49b25304d02a41b40ad2e5e7ece2051914f91132c
multimodal-fake-news-detection/results/metrics/fakeddit_validation_image_download_failures.csv,40897,322be026202cef23d3f91f1db4c913396b8bcdbee85ce23f44d6c3b7f01a9ae4
multimodal-fake-news-detection/results/metrics/fakeddit_validation_image_integrity.csv,326049,e737132e8af54c4eb095537a0a67f1cc3772496a72ef9b78b4a04202c0fdfee4
multimodal-fake-news-detection/results/metrics/final_evaluation/final_predictions.csv,313737,485f77c07d510c224012137609318fde731fd8da4b4fc03c50c55de5971e9062
multimodal-fake-news-detection/results/metrics/final_evaluation/final_results.json,3093,3e82028d5d4a0c8b94e1b5f8f2b36e0a76922d6bfb832c132f034feefd9b6482
multimodal-fake-news-detection/results/metrics/final_holdout/candidate_selection.json,541,b21991a60ecafbf36af9b8df5853b1db8eeacf678a1c82bde7046c670e57a027
multimodal-fake-news-detection/results/metrics/final_holdout/final_holdout_freeze.json,1019,c2409194b49e448c88d8b430d7944b1a43078e8393ea27149cdfb4eadc5347d9
multimodal-fake-news-detection/results/metrics/late_probability_fusion/results.json,903,6b71c09eb9bcfaacda44da31858d646c4ce8e3712ae76db2d2b2d0c4f7b02fe4
multimodal-fake-news-detection/results/metrics/late_probability_fusion/test_predictions.csv,115190,7c8a1809f6ed037a8d89a72e82df5efa7e259bffa57522de033b184394570be8
multimodal-fake-news-detection/results/metrics/late_probability_fusion/validation_alpha_search.csv,3060,ebba8327a0b78f6d06d925bb51351467a63fbd53a94dc59613078bc568534cce
multimodal-fake-news-detection/results/metrics/linear_fusion_ablation/image_only_test_predictions.csv,43465,7a539683fc002ee289f49c0d0658e1c8544b9a5233bb78e5da556847669116fb
multimodal-fake-news-detection/results/metrics/linear_fusion_ablation/results.json,2944,cca92fd154b0c32e5347c9ff3c5bdac35ef1536a152be77576d1d704beb3e8bb
multimodal-fake-news-detection/results/metrics/linear_fusion_ablation/text_image_concat_test_predictions.csv,43685,cd4f2107287f3403cb1d939f04ee20cc220fc5eac14e4daf122595e67dca2ed8
multimodal-fake-news-detection/results/metrics/linear_fusion_ablation/text_only_test_predictions.csv,45416,4ab341c6a8805853cc50fa122baf99d4cd8c605efff3b4e01d2c6a1dec21c484
multimodal-fake-news-detection/results/metrics/missing_modality_robustness/results.json,2001,a2645da6a9aab748ebd571d8ea91bb3a069489b8bb922d1f50385920dd454cbe
multimodal-fake-news-detection/results/metrics/missing_modality_robustness/robustness_results.csv,960,9c62d3936d474a570cd3bc98a475bed8e5a43d522a16648a8e3c42a0dd681b97
multimodal-fake-news-detection/results/metrics/multimodal_fusion_baseline/test_metrics.json,702,e83f6cbdaa598c6663f0ff65ec92351b2bda79532e22295d250996240d6549f2
multimodal-fake-news-detection/results/metrics/multimodal_fusion_baseline/test_predictions.csv,60768,5a193ddd936e5c152d911ffdd38792bea7b482c9bfb9ea9b76766da5244cd5bb
multimodal-fake-news-detection/results/metrics/multimodal_fusion_baseline/training_history.csv,1564,61c1160964fe5573e6f58150b2953e587550c127894be9d2557c532469a60832
multimodal-fake-news-detection/results/metrics/multimodal_fusion_tuning/all_runs.csv,1974,0a46344be9ed9b961e03fd2b1a8a3e3e918e8490b06d9593be3715c0cc2c3dc5
multimodal-fake-news-detection/results/metrics/multimodal_fusion_tuning/best_config.json,552,819bd1b118aa428bf371ad604cafe782736c80117df1b5a3913a9020783cbe0c
multimodal-fake-news-detection/results/metrics/multimodal_fusion_tuning/summary.csv,740,396e6376883dd4e4fc8da9e21ad99a95dc46d40b25dd387ffdf7f83cdfa4de59
multimodal-fake-news-detection/results/metrics/resnet50_baseline/test_metrics.json,564,8b4c512ef89e817c0bf3c987cd7fa373eba0d722ef8b92e895abdfd67f0f0a36
multimodal-fake-news-detection/results/metrics/resnet50_baseline/test_predictions.csv,51601,520ec2fbc96a68154fd10e9dd3469c976d4d44f62171900c2b55d319f6421f6c
multimodal-fake-news-detection/results/metrics/resnet50_baseline/training_history.csv,679,02875024924226f65c8ed1eb7edd1a12a532f35349c18c0706a7dfb0212d2a96
multimodal-fake-news-detection/results/metrics/resnet50_baseline/validation_predictions.csv,51467,ead4c427167f3b542aca4b5ccfa22eb7b1efb7745ef90466a263584e896d8a3f
multimodal-fake-news-detection/results/metrics/roberta_baseline/test_metrics.json,532,c85be55d2dcb4cee55aceeb661c570c971b286effdb7e22d2893a6f58ee4e1f4
multimodal-fake-news-detection/results/metrics/roberta_baseline/test_predictions.csv,52431,7261adf55ed8f9a0df25dd164061ebf5ef9c8ba2fc7a3b3290b82a0bc7ec9cd4
multimodal-fake-news-detection/results/metrics/roberta_baseline/training_history.csv,688,55b56e927c61c24b9a76b205d1b76de0b291350e11dc58b56800b22c732ea2b5
multimodal-fake-news-detection/results/metrics/roberta_baseline/validation_predictions.csv,52407,7d23b1812ae38891104ef845bf45b31cacf490aa82d9dee2d22a6679c86d1887
multimodal-fake-news-detection/results/metrics/statistical_comparison/results.json,1552,384aff34786c991062c1d0ac6bba7a83edbb5febab2e24415353aec66096075d
multimodal-fake-news-detection/results/shap/17zxim_tokens.csv,613,e9e38033d7af4737e38f9c42839a3dbf61c32c0293ab0a7a793be6b4cf1b0787
multimodal-fake-news-detection/results/shap/1d4es4_tokens.csv,1558,158795ac5efb3bbcd89177342da2ccfcbea345e0cff023c4f14a016232e2abcf
multimodal-fake-news-detection/results/shap/1nsjvc_tokens.csv,1500,3f282e6f2a23ada7911120c9d8fe2f8f20db12c34b31b5ac5dd097b0f8cf0357
multimodal-fake-news-detection/results/shap/1r5ley_tokens.csv,1278,066fc6f936916fc32d7619f5e8ceefd8b1e03a3283ab6d975d50ab104a27e22c
multimodal-fake-news-detection/results/shap/2gnwue_tokens.csv,1069,bd3d17f172912597a4e1ec034d8e2ae93483244fe522c340f442e38c1a9558df
multimodal-fake-news-detection/results/shap/2hyhbp_tokens.csv,645,a688b02d9443461dec2ebb258e09cf356d3e0e4eedaab12028e1644b7946aebc
multimodal-fake-news-detection/results/shap/3g1zqo_tokens.csv,1346,64d8938ccd34c4952534a9dd1e640ef43a09d3242e79abcc36c19bb1fc8cc674
multimodal-fake-news-detection/results/shap/3gvt03_tokens.csv,467,912e9eb81bcaf58331de1011906021c299cd99ed9fc4ddcf52b2b0ec41e30be2
multimodal-fake-news-detection/results/shap/3l7w2i_tokens.csv,1264,08a22a4a782ac32568d7b5162b9b8995db0a064468389b35726df69786bdbf92
multimodal-fake-news-detection/results/shap/3p3t2p_tokens.csv,461,f556c70f13b6e5fd71761265b6e549951a865bcba4e38e20da4e0155ebd77d30
multimodal-fake-news-detection/results/shap/4g47q0_tokens.csv,2014,bd32574c807374906757ed7f7c34392879cee09d5af191608c2db3908095ab10
multimodal-fake-news-detection/results/shap/4wk154_tokens.csv,1415,4ce7d41091dc1ed80acb97d6d797287db895dc8a18123c8ab5922e7de4f115ed
multimodal-fake-news-detection/results/shap/67xmj0_tokens.csv,1158,a5f3a04415f7357af9d8f69295acf2522ac6ba95938c737585055e94f2f5805f
multimodal-fake-news-detection/results/shap/6ajvje_tokens.csv,1014,a5eda1763f4444dc87edc926e4f010090d6ae3dd09f705d8ca59f1f5fd7a5c28
multimodal-fake-news-detection/results/shap/76lwzc_tokens.csv,551,868723ddeefed0fe5a7f220ce7a59a7bc7a683cf889500505137a9df1db0f8d0
multimodal-fake-news-detection/results/shap/7nfptv_tokens.csv,1218,9e2b1546f5c67ecf70acbe2b74a2f289fd32883b48409c418b666b7c42590941
multimodal-fake-news-detection/results/shap/8arzp9_tokens.csv,390,98ee85ea5b44bae5d7ed11c06a29a036e21d9e7839573310a5dd224e9c593d67
multimodal-fake-news-detection/results/shap/97ryrw_tokens.csv,417,3c657846600297a66428b5deff47c62802af2b31faea83e8fef1e01c8ca0d680
multimodal-fake-news-detection/results/shap/9k313w_tokens.csv,487,978e93e230b0e4ac7258a8da4631138964662af36c0cb771c8bfaf5df8c96915
multimodal-fake-news-detection/results/shap/all_token_attributions.csv,27575,dad4602e0637d18b94f8f778030e1e3239218f424d60ed3ed50f3b97a4d303f9
multimodal-fake-news-detection/results/shap/aufhxu_tokens.csv,776,ef9b3f455c8fcaaa32a7761790832ae8d466b4179faffc00138204684390b259
multimodal-fake-news-detection/results/shap/b8z5wj_tokens.csv,861,8dd3f73f3c7002ed26c7ee0b9a204ff2f7f7fd7290262720d9171f85f907c9ce
multimodal-fake-news-detection/results/shap/bdos33_tokens.csv,484,b35433533993dfc96e827a8664ebb59b2f66afd10c9762494195111761382038
multimodal-fake-news-detection/results/shap/bt3pd9_tokens.csv,1004,627deec380399f454c3f9b379beed703ed647311408e5fa369b506d03f597af2
multimodal-fake-news-detection/results/shap/c81cd2_tokens.csv,516,97367b93d053e460fce7b146d3d76b64cd79f1c1918a0fb5389fceba6a05061c
multimodal-fake-news-detection/results/shap/ccaqqw_tokens.csv,625,08837b17ab496d1e225ef94cc8fc5589f6202767b93951e649989c2e7133d21a
multimodal-fake-news-detection/results/shap/cekvz9_tokens.csv,1972,38ae9cf1ee29845d0bf73c19c32a00d7344ff50049a0a36a7114abd32726f5bc
multimodal-fake-news-detection/results/shap/cnvfog_tokens.csv,490,d3ae5f37c80f846c6a9d9db968cb25d879297751a269e45492f95fe381ccde2e
multimodal-fake-news-detection/results/shap/cqs6ua_tokens.csv,562,3b3692102613ff0e9a4b6337a0d711a54c4d7158543a6c4d2869a5d00814771a
multimodal-fake-news-detection/results/shap/cxnsqh_tokens.csv,1578,1c60171d2fb7cc51fbf8675c37fe8f519ec6ef2860bae273877fa1c3203a8c9d
multimodal-fake-news-detection/results/shap/d0pjmv_tokens.csv,1189,e419ee91259b026ffb9a3c635d7ae245cc7fafdc71cfa84ec96b97961a233481
multimodal-fake-news-detection/results/shap/dry4tko_tokens.csv,565,026439d67315aede21f548ae4253592a0c4a202bbeb202eebd038271b6e3ef14
multimodal-fake-news-detection/results/shap/metadata.json,309,40b6b7f965028613f7731c62a28a2ed9513e90f37d6ab39d13cf59ce1183c4c8
multimodal-fake-news-detection/results/shap/shap_case_summary.csv,20299,ecc0e9cbd4e30ed44130e71fb4be1ca856469817a482fc72ee4e304286f7b737
multimodal-fake-news-detection/results/shap/wrqf2_tokens.csv,382,4f823e7267046a0cfa0036eee9f67349454e3e18daf4994de5d44f6452205715
v2/experiments/source_disjoint/bootstrap/paired_differences.csv,528458,b6c02d5fe0347d68621bd459cb35b1b26d5e1cef7a950b4ef2c40f810a40b660
v2/experiments/source_disjoint/calibration/calibration_metrics.csv,235,1fc968bd9c6fd7d64e5a7f40570b4f99c4ccf389e08ef393d04b4e6420b1054d
v2/experiments/source_disjoint/calibration/calibration_metrics.json,553,c8e9a676ba04af4f53a42c092922b7d7d12f2492a77c7bb0ade7ab53c6cb67e1
v2/experiments/source_disjoint/calibration/late_fusion_bins.csv,802,cf174198406913fea74f4fd48dab0449014f7a6f73cb2bf4caf8965803c21224
v2/experiments/source_disjoint/calibration/resnet50_bins.csv,802,cf174198406913fea74f4fd48dab0449014f7a6f73cb2bf4caf8965803c21224
v2/experiments/source_disjoint/calibration/roberta_bins.csv,784,cd5590e211872f824b3c8ec9a563557617503a77b8de5e010122eb8017c6cf8b
v2/experiments/source_disjoint/figures/reliability_diagram.png,108683,12f2110c5025a4a91b745a336b1d609606cdfba7b066e7fb996d9a8f5a7fb3a7
v2/experiments/source_disjoint/logs/fusion_lock.log,637,f9209c70417916158e48ab2f03e00cbdfb16a0f599ac191bdf9aae17323706f2
v2/experiments/source_disjoint/logs/resnet_training.log,3052,67a22f260b688bc86e31f7c3d525f08b25acd534334cc02631cedb4695b87f38
v2/experiments/source_disjoint/logs/roberta_training.log,3715,33e3df3477dfd6076f30d83d840e790fe825daee4038599413bd7e5a6a8d8e31
v2/experiments/source_disjoint/logs/smoke_console.log,1440,bd4e9835a153144102dfe613dc067c9d2f3244bdea866cff7417d88902be7fd2
v2/experiments/source_disjoint/logs/smoke_test.json,283,5a6788817e9d757fc4d538fbe9af53214ad5c0e407f662f48199e834d7fb90b3
v2/experiments/source_disjoint/logs/test_and_analysis.log,2578,3828e3bc27ff64da7e34a29c0e8501fd95cec06e9a67dc12050188a5677b29e6
v2/experiments/source_disjoint/manifests/manifest_audit.json,1885,6d03d5e09d2216cef8dd458b3992dd4d4389111ba3922f160330e1896f383e88
v2/experiments/source_disjoint/manifests/source_disjoint.parquet,1255689,f7feb3531ef6decd1ea95af9dce8eeb7dbf7d2f7670b8db68c614a721308cc52
v2/experiments/source_disjoint/manifests/split_counts.csv,295,9ca9d167a1fcdf5bbc2a0dd021e2dd803610838096a79e3b99e4fa3e49ab2a2d
v2/experiments/source_disjoint/metrics/error_complementarity.json,457,0170530520a3f28b55a9bd1a5fcfa289f05e618a63211f29f478a68550199d2d
v2/experiments/source_disjoint/metrics/fair_text_test_control.csv,465,ac32dc27568c3f3db0c21d56765fc6775d8e48da974b71a2ffe44976bd2d12b7
v2/experiments/source_disjoint/metrics/fair_text_validation_control.json,167,16a2870d7315a8be6216acdd63b67bfae6c5369a4ea99243b39c048cc0c7496a
v2/experiments/source_disjoint/metrics/generalisation_penalty.csv,875,2df296089f6be7624bd51e2b5d55fab2369a558bc66db9ef608c173d9f735615
v2/experiments/source_disjoint/metrics/mcnemar.json,197,2e1130e3bff3db814bcdda464f450e35d98ae13c9522e0f31001f77c0d4987c9
v2/experiments/source_disjoint/metrics/resnet_best_validation.json,653,0a6d89d726c3be2e0cddaa26d0b532fbd4991e9d2112235472b3bd80efd58af6
v2/experiments/source_disjoint/metrics/resnet_training_history.csv,853,cf86b610d8d3213d9f086828b7c9a18f5bc0ae5340ec9463d956fac67beae9fd
v2/experiments/source_disjoint/metrics/roberta_best_validation.json,640,4510d8520a05437d13c2017534d08f27347f99ce1e0cac0fab6d43db8f00244d
v2/experiments/source_disjoint/metrics/roberta_training_history.csv,860,d3304c6cbde2eb52ae5aaeab76bdbfa5271c3fb79789a7bc29633f21ddefac0e
v2/experiments/source_disjoint/metrics/roberta_validation_threshold_search.csv,2331,71731a9aa01a14e1cfd49cd565028f1043548a7d3cc27d97628dc37a8aa012c5
v2/experiments/source_disjoint/metrics/statistical_comparison.csv,477,164f788ac3728cc42882544798d9f58125ab374ccf92fc64daba620e355b87d3
v2/experiments/source_disjoint/metrics/summary.csv,823,5a2281f26e91bcab021becd06ff595254cb40304452d4f2c66334554948d96a6
v2/experiments/source_disjoint/metrics/summary.json,1651,c17334f29659f92ed408eb9c77f46fb601b74cc326baa36c6c0ceea7ff8a22aa
v2/experiments/source_disjoint/metrics/validation_alpha_search.csv,3085,8f9181d9c276ed5302cbb56e3628f2204823081c0f4ef9c2302e8f3585d75b11
v2/experiments/source_disjoint/metrics/validation_lock.json,635,168a9329f9608956e00cb79356066f0c937fd0d363d1f86e787eb47c3d9e7408
v2/experiments/source_disjoint/predictions/resnet_validation.csv,97414,dee20a2bb3a176a649483106d8e6d8bc5d725b1cb5975f7c87ef3cfa7cfe078d
v2/experiments/source_disjoint/predictions/roberta_validation.csv,103315,174706099ff2f3ce1a7b134552d1f190afae668f8d61946a6965e40c42043084
v2/experiments/source_disjoint/predictions/test_predictions.csv,199971,d05d54e9953ffe2881278014bc23e395a09d3cb713f477085724c6c2ef706611
v2/experiments/source_disjoint/predictions/validation_predictions.csv,162775,b6e0067afef82852ec3c1dcc439f901d83b568a3f8a5a78971d1428befcb3943
v2/experiments/source_disjoint/reports/source_disjoint_results.md,6613,38ca99bf195f029f115d8f674baf9f7f35ecbf16d2b22aa834742bad9ed53d5b
v2/manifests/chronological.parquet,1211415,c12b5d0f70413ff6a62c521157fdf49817e18fd525e52c97705e3fee3148673f
v2/manifests/source_disjoint.parquet,1255689,f7feb3531ef6decd1ea95af9dce8eeb7dbf7d2f7670b8db68c614a721308cc52
v2/outputs/explainability_coverage.json,656,c92172a6a200188609488695347f87aeec3bef93d4f40a6130f60eeb57654447
v2/outputs/fair_text_baseline_comparison.csv,1244,947ee6efa14cebc8d6d94968556f365e65f74b9ee211ef798723a0dcc1eeb5f9
v2/outputs/fair_text_baseline_comparison.json,3019,309e513e8ae2dd97149f14f5a84fa7f2e8569052430063895113ab50b90a63a5
v2/outputs/final_performance_by_domain.csv,626,11df9b871510c7fefabc7160058cc3b9c5d8a0b4e2410c0d8c92bcd02ba41bf3
v2/outputs/final_performance_by_subreddit.csv,114,b55ba1e4f77522e5a889221562b6c85651d444942e0f08835b57b1a7592d8702
v2/outputs/final_performance_by_year.csv,1101,4abcff9499ef8d5744ee8df32de886ae5035d92b826e4f0c88394d2ab43faa74
v2/outputs/label_semantics.json,710,483a8f0f632249e70793bc083cbee139f0f04d02cb1f1cf97277c7d16cf8ffa7
v2/outputs/label_semantics_audit.csv,139,9228dc6d0c89eba0fd4ca9af7185d3fddfc248a9b16011a6566747b96b3380a0
v2/outputs/perceptual_hashes.csv,3111586,9641953df55c56aecde9852e081454b4522faafe972a8e523fb7a7cadc141eb0
v2/outputs/perceptual_near_duplicate_candidates.csv,11672,042562d645b880b47844836d788a3fd5fc8a9e0af3f6115bd1b83d3c9837438e
v2/outputs/reporting_consistency_checks.csv,443,e33cb9479bceb35faa7f7cd46ab812d945262fcae76faebd0e9995542ff95d66
v2/outputs/roberta_platt_threshold_search.csv,6289,2d6f9c170748dfe1d61a9cc262dc13a073e39b4d9a3d6bbf6fbecccca9bfc42d
v2/outputs/roberta_validation_threshold_search.csv,6279,d001736ba0150e6b1579b1cca1865495b39ed9dce6559b0e6a2644c193929629
v2/outputs/selection_bias_summary.json,257,8cce376bf0d2dfe97f9e50b12ec9d6927408a6438051614b15f14f352bfc2a9d
v2/outputs/selection_retention_by_domain.csv,43124,a2aab39ee3b78dde9581e6c2e375d781ed73f2c0011e38705f83365317495f9a
v2/outputs/selection_retention_by_label.csv,309,f541382cf84cbfce423f5ad69e2c18ee440446acf4693c16941a4ffa74ff6dd4
v2/outputs/selection_retention_by_label.png,58691,a63d736065ccde51a96c563d2043d58eab49cd3b35dbb0d1cd7e8ec6db942440
v2/outputs/selection_retention_by_subreddit.csv,994,de3002641f4a0884128418c28ce74fe0a498bd9dc8d14fec5d3e0e9f0d2a4940
v2/outputs/selection_retention_by_year.csv,453,bbbc721339b9c7df0c873dc2fb47c3094a406befd91cd2b40216ce86b74d80a4
v2/outputs/source_shortcut_audit.json,508,347c609b6ca41c1670a0cb2e8afc0ed592b0d0c8510904f241810206300adc34
v2/outputs/v2_manifest_summary.csv,320,88ab182666e31b0f90a0a33f5445af4ba2c8baddfef1c8d670efc572533b1c4f
