model,metric,ordinary_locked_holdout,source_disjoint,change_source_disjoint_minus_ordinary
roberta,accuracy,0.8046,0.76013143483023,-0.044468565169769936
roberta,macro_f1,0.8,0.7596388016421021,-0.040361198357897976
roberta,roc_auc,0.8846,0.8401099397638968,-0.044490060236103246
roberta,pr_auc,0.9027,0.8575542895752658,-0.04514571042473414
resnet50,accuracy,0.7382,0.6841913106973347,-0.054008689302665225
resnet50,macro_f1,0.7275,0.6770965009536907,-0.050403499046309364
resnet50,roc_auc,0.7976,0.745283262453618,-0.052316737546382
resnet50,pr_auc,0.8053,0.7502161589532329,-0.05508384104676711
late_fusion,accuracy,0.8242,0.6841913106973347,-0.1400086893026653
late_fusion,macro_f1,0.8188,0.6770965009536907,-0.1417034990463093
late_fusion,roc_auc,0.8993,0.745283262453618,-0.154016737546382
late_fusion,pr_auc,0.9097,0.7502161589532329,-0.15948384104676705
