id,comparison_group,label,predicted_class,token,shap_value,absolute_shap
cxnsqh,roberta_only_correct,1,1,,0.0189131626393646,0.0189131626393646
cxnsqh,roberta_only_correct,1,1,a ,0.0417974644806236,0.0417974644806236
cxnsqh,roberta_only_correct,1,1,motorcycle ,0.017594689619727433,0.017594689619727433
cxnsqh,roberta_only_correct,1,1,thing ,0.017594689619727433,0.017594689619727433
cxnsqh,roberta_only_correct,1,1,i ,-0.01726251933723688,0.01726251933723688
cxnsqh,roberta_only_correct,1,1,saw ,0.04548612120561302,0.04548612120561302
cxnsqh,roberta_only_correct,1,1,today ,0.027116385754197836,0.027116385754197836
cxnsqh,roberta_only_correct,1,1,on ,0.006155630107969046,0.006155630107969046
cxnsqh,roberta_only_correct,1,1,my ,-0.019514967047143728,0.019514967047143728
cxnsqh,roberta_only_correct,1,1,way ,0.17525130388094112,0.17525130388094112
cxnsqh,roberta_only_correct,1,1,home ,0.1388868962530978,0.1388868962530978
cxnsqh,roberta_only_correct,1,1,from ,0.001336586254183203,0.001336586254183203
cxnsqh,roberta_only_correct,1,1,work ,0.12206539811450057,0.12206539811450057
cxnsqh,roberta_only_correct,1,1,inside ,0.11926926494925283,0.11926926494925283
cxnsqh,roberta_only_correct,1,1,looks ,0.023727098625386134,0.023727098625386134
cxnsqh,roberta_only_correct,1,1,like ,0.11910867076949216,0.11910867076949216
cxnsqh,roberta_only_correct,1,1,a ,0.06568513310048729,0.06568513310048729
cxnsqh,roberta_only_correct,1,1,cockpit,0.06197221775073558,0.06197221775073558
cxnsqh,roberta_only_correct,1,1,,-0.0007771527161821723,0.0007771527161821723
