id,comparison_group,text,label,prediction_roberta,shap_predicted_class,probability_class_0,probability_class_1,top_supportive_tokens,top_opposing_tokens
4wk154,fusion_only_correct,cooper cronk happy after a win last night in the nrl,1,0,0,0.6597129106521606,0.34028708934783936,"[{""token"": ""k "", ""value"": 0.027050801863272984}, {""token"": ""rl"", ""value"": 0.023410744965076447}, {""token"": ""after "", ""value"": 0.020815491676330566}, {""token"": ""last "", ""value"": 0.002049800008535385}, {""token"": ""happy "", ""value"": 0.0004137977957725525}]","[{""token"": ""win "", ""value"": -0.14584538340568542}, {""token"": ""a "", ""value"": -0.07063563913106918}, {""token"": ""in "", ""value"": -0.040087368339300156}, {""token"": ""on"", ""value"": -0.030542866016427677}, {""token"": ""the "", ""value"": -0.02590600773692131}]"
3l7w2i,fusion_only_correct,a sculpture showing children trapped within adult bodies at this years burning man,1,0,0,0.7539404630661011,0.24605949223041534,"[{""token"": ""this "", ""value"": 0.21712105569895357}, {""token"": ""within "", ""value"": 0.1288276524282992}, {""token"": ""burning "", ""value"": 0.08014672994613647}, {""token"": ""man"", ""value"": 0.07392263691872358}, {""token"": ""trapped "", ""value"": 0.03546367213129997}]","[{""token"": ""children "", ""value"": -0.3738738652318716}, {""token"": ""sculpture "", ""value"": -0.11364028044044971}, {""token"": ""bodies "", ""value"": -0.10033802385441959}, {""token"": ""a "", ""value"": -0.10033226385712624}, {""token"": ""at "", ""value"": -0.08704289863817394}]"
cqs6ua,fusion_only_correct,check out this job title,1,0,0,0.9768476486206055,0.02315235510468483,"[{""token"": ""check "", ""value"": 0.0023494064807891846}, {""token"": ""out "", ""value"": 0.0009996071457862854}, {""token"": ""job "", ""value"": -0.002738088369369507}, {""token"": ""title"", ""value"": -0.003971874713897705}, {""token"": ""this "", ""value"": -0.009793080389499664}]","[{""token"": ""this "", ""value"": -0.009793080389499664}, {""token"": ""title"", ""value"": -0.003971874713897705}, {""token"": ""job "", ""value"": -0.002738088369369507}, {""token"": ""out "", ""value"": 0.0009996071457862854}, {""token"": ""check "", ""value"": 0.0023494064807891846}]"
76lwzc,fusion_only_correct,these derpy crates,0,1,1,0.03483090177178383,0.9651691317558289,"[{""token"": ""these "", ""value"": 0.9227676399750635}, {""token"": ""py "", ""value"": 0.016973671154119074}, {""token"": ""der"", ""value"": 0.015448288177140057}, {""token"": ""crates"", ""value"": -3.857305273413658e-06}]","[{""token"": ""crates"", ""value"": -3.857305273413658e-06}, {""token"": ""der"", ""value"": 0.015448288177140057}, {""token"": ""py "", ""value"": 0.016973671154119074}, {""token"": ""these "", ""value"": 0.9227676399750635}]"
17zxim,fusion_only_correct,lego head on bus,0,1,1,0.37349212169647217,0.6265078186988831,"[{""token"": ""on "", ""value"": 0.35977011313661933}, {""token"": ""bus"", ""value"": 0.3258916351478547}, {""token"": ""head "", ""value"": 0.07018499402329326}, {""token"": ""o "", ""value"": -0.05450315657071769}, {""token"": ""leg"", ""value"": -0.08483395236544311}]","[{""token"": ""leg"", ""value"": -0.08483395236544311}, {""token"": ""o "", ""value"": -0.05450315657071769}, {""token"": ""head "", ""value"": 0.07018499402329326}, {""token"": ""bus"", ""value"": 0.3258916351478547}, {""token"": ""on "", ""value"": 0.35977011313661933}]"
1nsjvc,fusion_only_correct,the legend of zelda ocarina of time is classist sexist and racist,1,0,0,0.6422972679138184,0.35770267248153687,"[{""token"": ""ist "", ""value"": 0.01723533496260643}, {""token"": ""of "", ""value"": 0.004987675075729688}, {""token"": ""o"", ""value"": 0.00048415983716646827}, {""token"": ""ze"", ""value"": -0.0038843639194965363}, {""token"": ""legend "", ""value"": -0.011447425931692123}]","[{""token"": ""is "", ""value"": -0.05742442483703295}, {""token"": ""lda "", ""value"": -0.04761790856719017}, {""token"": ""racist"", ""value"": -0.04646720364689827}, {""token"": ""and "", ""value"": -0.04611194133758545}, {""token"": ""ina "", ""value"": -0.03671858583887418}]"
d0pjmv,fusion_only_correct,i found aliens on my classic arcade machine and wanted to share,1,0,0,0.8692474365234375,0.1307525783777237,"[{""token"": ""aliens "", ""value"": 0.058715179562568665}, {""token"": ""and "", ""value"": 0.044111862778663635}, {""token"": ""on "", ""value"": 0.02056683599948883}, {""token"": ""classic "", ""value"": 0.018904911975065868}, {""token"": ""my "", ""value"": 0.009618952870368958}]","[{""token"": ""found "", ""value"": -0.07418210804462433}, {""token"": ""share"", ""value"": -0.06801043450832367}, {""token"": ""arcade "", ""value"": -0.04759925355513891}, {""token"": ""i "", ""value"": -0.02667810767889023}, {""token"": ""machine "", ""value"": -0.024669741590817768}]"
6ajvje,fusion_only_correct,sean spicer taking questions about comeys firing,0,1,1,0.4582442045211792,0.5417557954788208,"[{""token"": ""taking "", ""value"": 0.15386538032907993}, {""token"": ""firing"", ""value"": 0.15012684685643762}, {""token"": ""ys "", ""value"": 0.08341109560569748}, {""token"": ""about "", ""value"": 0.08029692049603909}, {""token"": ""icer "", ""value"": 0.07061202020850033}]","[{""token"": ""questions "", ""value"": -0.1295590957161039}, {""token"": ""se"", ""value"": -0.005509731941856444}, {""token"": ""come"", ""value"": 0.015028538357000798}, {""token"": ""sp"", ""value"": 0.048335430095903575}, {""token"": ""an "", ""value"": 0.06289054255466908}]"
wrqf2,roberta_only_correct,gaming lizard,1,1,1,0.13870769739151,0.86129230260849,"[{""token"": ""lizard"", ""value"": 0.5869558276608586}, {""token"": ""gaming "", ""value"": 0.26438427809625864}]","[{""token"": ""gaming "", ""value"": 0.26438427809625864}, {""token"": ""lizard"", ""value"": 0.5869558276608586}]"
cxnsqh,roberta_only_correct,a motorcycle thing i saw today on my way home from work inside looks like a cockpit,1,1,1,0.021286915987730026,0.9787131547927856,"[{""token"": ""way "", ""value"": 0.17525130388094112}, {""token"": ""home "", ""value"": 0.1388868962530978}, {""token"": ""work "", ""value"": 0.12206539811450057}, {""token"": ""inside "", ""value"": 0.11926926494925283}, {""token"": ""like "", ""value"": 0.11910867076949216}]","[{""token"": ""my "", ""value"": -0.019514967047143728}, {""token"": ""i "", ""value"": -0.01726251933723688}, {""token"": ""from "", ""value"": 0.001336586254183203}, {""token"": ""on "", ""value"": 0.006155630107969046}, {""token"": ""thing "", ""value"": 0.017594689619727433}]"
8arzp9,roberta_only_correct,waterfall,0,0,0,0.8043280839920044,0.19567187130451202,"[{""token"": ""water"", ""value"": -0.06295647472143173}, {""token"": ""fall"", ""value"": -0.12276347726583481}]","[{""token"": ""fall"", ""value"": -0.12276347726583481}, {""token"": ""water"", ""value"": -0.06295647472143173}]"
3g1zqo,roberta_only_correct,dutch soldiers are shouting bang bang because theyve run out of bullets,1,1,1,0.43617016077041626,0.563829779624939,"[{""token"": ""shouting "", ""value"": 0.09089525320450775}, {""token"": ""bang "", ""value"": 0.07265450403792784}, {""token"": ""bang "", ""value"": 0.07071109369280748}, {""token"": ""because "", ""value"": 0.06788878765655681}, {""token"": ""run "", ""value"": 0.06425925565417856}]","[{""token"": ""they"", ""value"": -0.025054596015252173}, {""token"": ""ve "", ""value"": -0.02122742892242968}, {""token"": ""are "", ""value"": -0.014830799103947356}, {""token"": ""out "", ""value"": 0.015385149163194}, {""token"": ""d"", ""value"": 0.01960075949318707}]"
ccaqqw,roberta_only_correct,this resealable can,1,1,1,0.005982371047139168,0.9940176010131836,"[{""token"": ""this "", ""value"": 0.9384560512844473}, {""token"": ""rese"", ""value"": 0.049888483015820384}, {""token"": ""can"", ""value"": 0.01933257281780243}, {""token"": ""able "", ""value"": 0.007509424351155758}, {""token"": ""al"", ""value"": -0.03116717655211687}]","[{""token"": ""al"", ""value"": -0.03116717655211687}, {""token"": ""able "", ""value"": 0.007509424351155758}, {""token"": ""can"", ""value"": 0.01933257281780243}, {""token"": ""rese"", ""value"": 0.049888483015820384}, {""token"": ""this "", ""value"": 0.9384560512844473}]"
3p3t2p,roberta_only_correct,yosemite,1,1,1,0.4901299476623535,0.5098700523376465,"[{""token"": ""mite"", ""value"": 0.2950857076793909}, {""token"": ""ose"", ""value"": 0.16249106219038367}, {""token"": ""y"", ""value"": 0.0425451104529202}]","[{""token"": ""y"", ""value"": 0.0425451104529202}, {""token"": ""ose"", ""value"": 0.16249106219038367}, {""token"": ""mite"", ""value"": 0.2950857076793909}]"
cekvz9,roberta_only_correct,my friend and i were making shadow puppets and he somehow managed to make a pupil in the eye oo,1,1,1,0.3695161044597626,0.630483865737915,"[{""token"": ""my "", ""value"": 0.15953598988320059}, {""token"": ""pupp"", ""value"": 0.08646265943146621}, {""token"": ""somehow "", ""value"": 0.07272829135763459}, {""token"": ""friend "", ""value"": 0.05629701303162923}, {""token"": ""making "", ""value"": 0.04234281674143858}]","[{""token"": ""and "", ""value"": -0.06436092662625015}, {""token"": ""eye "", ""value"": -0.014344854396767914}, {""token"": ""o"", ""value"": -0.0075414338304350785}, {""token"": ""i "", ""value"": -0.00474183596088551}, {""token"": ""were "", ""value"": -0.00474183596088551}]"
b8z5wj,roberta_only_correct,raising the flag over iwo jima,0,0,0,0.9126684069633484,0.08733157068490982,"[{""token"": ""over "", ""value"": 0.0680466815829277}, {""token"": ""the "", ""value"": 0.03463515639305115}, {""token"": ""flag "", ""value"": 0.03192152827978134}, {""token"": ""wo "", ""value"": 0.001069776713848114}, {""token"": ""raising "", ""value"": -0.03307788819074631}]","[{""token"": ""j"", ""value"": -0.1029118224978447}, {""token"": ""i"", ""value"": -0.03991127759218216}, {""token"": ""ima"", ""value"": -0.035980455577373505}, {""token"": ""raising "", ""value"": -0.03307788819074631}, {""token"": ""wo "", ""value"": 0.001069776713848114}]"
2hyhbp,both_correct,this man crossing the finish line,1,1,1,0.035319432616233826,0.9646806120872498,"[{""token"": ""this "", ""value"": 0.4658642605645582}, {""token"": ""crossing "", ""value"": 0.3160259275464341}, {""token"": ""finish "", ""value"": 0.08356290264055133}, {""token"": ""man "", ""value"": 0.051106696599163115}, {""token"": ""line"", ""value"": 0.04634991323109716}]","[{""token"": ""the "", ""value"": -0.008362985216081142}, {""token"": ""line"", ""value"": 0.04634991323109716}, {""token"": ""man "", ""value"": 0.051106696599163115}, {""token"": ""finish "", ""value"": 0.08356290264055133}, {""token"": ""crossing "", ""value"": 0.3160259275464341}]"
2gnwue,both_correct,theres a pretty chill lama in this wood paneling,0,0,0,0.9454013705253601,0.0545986145734787,"[{""token"": ""pretty "", ""value"": 0.21501691109733656}, {""token"": ""chill "", ""value"": 0.2072009756229818}, {""token"": ""res "", ""value"": 0.07611376978456974}, {""token"": ""l"", ""value"": 0.031077014515176415}, {""token"": ""ama "", ""value"": -0.006135405274108052}]","[{""token"": ""ing"", ""value"": -0.1503162980079651}, {""token"": ""wood "", ""value"": -0.12304895184934139}, {""token"": ""this "", ""value"": -0.08804170694202185}, {""token"": ""a "", ""value"": -0.07863365748198703}, {""token"": ""the"", ""value"": -0.057957825250923634}]"
1r5ley,both_correct,fiscal conservative congressman trey radel vastly overpaid for his coke,1,1,1,0.034677278250455856,0.965322732925415,"[{""token"": ""paid "", ""value"": 0.17356746792211197}, {""token"": ""ke"", ""value"": 0.12350101507036015}, {""token"": ""congressman "", ""value"": 0.11010165349580348}, {""token"": ""for "", ""value"": 0.10648911862517707}, {""token"": ""conservative "", ""value"": 0.09996974316891283}]","[{""token"": ""vastly "", ""value"": -0.07398465578444302}, {""token"": ""rad"", ""value"": 0.004315888567361981}, {""token"": ""f"", ""value"": 0.02126606646925211}, {""token"": ""y "", ""value"": 0.024863928148988634}, {""token"": ""el "", ""value"": 0.03038506704615429}]"
3gvt03,both_correct,airole kinghood,0,0,0,0.9879088997840881,0.012091132812201977,"[{""token"": ""role "", ""value"": 0.015019252896308899}, {""token"": ""hood"", ""value"": 0.002575218677520752}, {""token"": ""king"", ""value"": -0.009760946035385132}, {""token"": ""ai"", ""value"": -0.009941205382347107}]","[{""token"": ""ai"", ""value"": -0.009941205382347107}, {""token"": ""king"", ""value"": -0.009760946035385132}, {""token"": ""hood"", ""value"": 0.002575218677520752}, {""token"": ""role "", ""value"": 0.015019252896308899}]"
7nfptv,both_correct,russia sentences fund head browder who campaigned in magnitsky case,1,1,1,0.02185969427227974,0.9781403541564941,"[{""token"": ""ussia "", ""value"": 0.32518679194618016}, {""token"": ""fund "", ""value"": 0.28807630052809446}, {""token"": ""sentences "", ""value"": 0.15591354590045134}, {""token"": ""ky "", ""value"": 0.10422594146803021}, {""token"": ""case"", ""value"": 0.09296241670381278}]","[{""token"": ""brow"", ""value"": -0.08998229913413525}, {""token"": ""magn"", ""value"": -0.08680803747847676}, {""token"": ""who "", ""value"": -0.012899698340333998}, {""token"": ""r"", ""value"": -0.0035955648636445403}, {""token"": ""its"", ""value"": 0.004848698386922479}]"
1d4es4,both_correct,my friend making a weaselly face while her mom flexes her tattooed bicep,1,1,1,0.01258151326328516,0.987418532371521,"[{""token"": ""my "", ""value"": 0.23503782122861594}, {""token"": ""friend "", ""value"": 0.19377530203200877}, {""token"": ""a "", ""value"": 0.1520417557330802}, {""token"": ""mom "", ""value"": 0.1424514149548486}, {""token"": ""making "", ""value"": 0.07289670163299888}]","[{""token"": ""lly "", ""value"": -0.03706190890322129}, {""token"": ""face "", ""value"": -0.00292012223508209}, {""token"": ""p"", ""value"": -0.0026884554730107384}, {""token"": ""es "", ""value"": 0.005842873399766783}, {""token"": ""flex"", ""value"": 0.005842873399766783}]"
67xmj0,both_correct,recreational therapy student dedicates her lifes work to helping veterans,1,1,1,0.009903158992528915,0.9900968074798584,"[{""token"": ""student "", ""value"": 0.3475887154927477}, {""token"": ""veterans"", ""value"": 0.240152730490081}, {""token"": ""helping "", ""value"": 0.14491861162241548}, {""token"": ""therapy "", ""value"": 0.10554148640949279}, {""token"": ""lifes "", ""value"": 0.08202608721330762}]","[{""token"": ""her "", ""value"": -0.07273229048587382}, {""token"": ""ational "", ""value"": -0.006126411511407544}, {""token"": ""re"", ""value"": -0.0008749801684947064}, {""token"": ""cre"", ""value"": 0.009918824953880781}, {""token"": ""icates "", ""value"": 0.015081894234754145}]"
4g47q0,both_correct,happy to call the us his home wasco calif man becomes us citizen at yearsold his wife gains us citizen next week,1,1,1,0.0354931503534317,0.9645068049430847,"[{""token"": ""week"", ""value"": 0.15445254649966955}, {""token"": ""year"", ""value"": 0.13343622273532674}, {""token"": ""wife "", ""value"": 0.1148437659139745}, {""token"": ""citizen "", ""value"": 0.09543344422515171}, {""token"": ""gains "", ""value"": 0.07372903506620787}]","[{""token"": ""next "", ""value"": -0.00213081476977095}, {""token"": ""if "", ""value"": -0.002023337729042396}, {""token"": ""happy "", ""value"": -0.0013178175722714514}, {""token"": ""call "", ""value"": -0.0009573244897183031}, {""token"": ""to "", ""value"": -0.0009573244897183031}]"
bt3pd9,both_wrong,which car do you want blue or purple how about both,1,0,0,0.9228075742721558,0.07719244062900543,"[{""token"": ""which "", ""value"": 0.01355820894241333}, {""token"": ""you "", ""value"": 0.011790823191404343}, {""token"": ""do "", ""value"": 0.007569815963506699}, {""token"": ""want "", ""value"": 0.00010426715016365051}, {""token"": ""how "", ""value"": -0.00015770643949508667}]","[{""token"": ""purple "", ""value"": -0.024556279182434082}, {""token"": ""car "", ""value"": -0.021249134093523026}, {""token"": ""about "", ""value"": -0.01941024884581566}, {""token"": ""both"", ""value"": -0.017746802419424057}, {""token"": ""or "", ""value"": -0.014288105070590973}]"
dry4tko,both_wrong,this cat longing for attention,0,1,1,0.006105785723775625,0.9938941597938538,"[{""token"": ""this "", ""value"": 0.70977703621611}, {""token"": ""cat "", ""value"": 0.19839558831881732}, {""token"": ""longing "", ""value"": 0.06283260451164097}, {""token"": ""attention"", ""value"": 0.00674856873229146}, {""token"": ""for "", ""value"": 0.006141955498605967}]","[{""token"": ""for "", ""value"": 0.006141955498605967}, {""token"": ""attention"", ""value"": 0.00674856873229146}, {""token"": ""longing "", ""value"": 0.06283260451164097}, {""token"": ""cat "", ""value"": 0.19839558831881732}, {""token"": ""this "", ""value"": 0.70977703621611}]"
cnvfog,both_wrong,blackbeards truck,1,0,0,0.6856820583343506,0.3143179714679718,"[{""token"": ""black"", ""value"": 0.08966347947716713}, {""token"": ""be"", ""value"": -0.026720192283391953}, {""token"": ""ards "", ""value"": -0.1604003831744194}, {""token"": ""truck"", ""value"": -0.20687787234783173}]","[{""token"": ""truck"", ""value"": -0.20687787234783173}, {""token"": ""ards "", ""value"": -0.1604003831744194}, {""token"": ""be"", ""value"": -0.026720192283391953}, {""token"": ""black"", ""value"": 0.08966347947716713}]"
aufhxu,both_wrong,yearold attributes longevity to sheer random chance,0,1,1,0.061458785086870193,0.9385411739349365,"[{""token"": ""old "", ""value"": 0.4881819450529292}, {""token"": ""year"", ""value"": 0.3496477802982554}, {""token"": ""to "", ""value"": 0.09015577280661091}, {""token"": ""longevity "", ""value"": 0.0667642115149647}, {""token"": ""chance"", ""value"": 0.03879147348925471}]","[{""token"": ""sheer "", ""value"": -0.06863951863488182}, {""token"": ""attributes "", ""value"": -0.04068196262232959}, {""token"": ""random "", ""value"": 0.0031981212086975574}, {""token"": ""chance"", ""value"": 0.03879147348925471}, {""token"": ""longevity "", ""value"": 0.0667642115149647}]"
bdos33,both_wrong,a damaged golf club,0,1,1,0.2520560920238495,0.7479438781738281,"[{""token"": ""a "", ""value"": 0.4738380608614534}, {""token"": ""golf "", ""value"": 0.2918527990113944}, {""token"": ""club"", ""value"": 0.05447095143608749}, {""token"": ""damaged "", ""value"": -0.08220145083032548}]","[{""token"": ""damaged "", ""value"": -0.08220145083032548}, {""token"": ""club"", ""value"": 0.05447095143608749}, {""token"": ""golf "", ""value"": 0.2918527990113944}, {""token"": ""a "", ""value"": 0.4738380608614534}]"
97ryrw,both_wrong,man with sword,0,1,1,0.009647045284509659,0.9903529286384583,"[{""token"": ""with "", ""value"": 0.4210107431281358}, {""token"": ""man "", ""value"": 0.33038701629266143}, {""token"": ""sword"", ""value"": 0.22920698230154812}]","[{""token"": ""sword"", ""value"": 0.22920698230154812}, {""token"": ""man "", ""value"": 0.33038701629266143}, {""token"": ""with "", ""value"": 0.4210107431281358}]"
9k313w,both_wrong,the shape of water,0,1,1,0.2861630618572235,0.7138369679450989,"[{""token"": ""water"", ""value"": 0.26990060484968126}, {""token"": ""the "", ""value"": 0.1901472513563931}, {""token"": ""shape "", ""value"": 0.15042636723956093}, {""token"": ""of "", ""value"": 0.09337923809653148}]","[{""token"": ""of "", ""value"": 0.09337923809653148}, {""token"": ""shape "", ""value"": 0.15042636723956093}, {""token"": ""the "", ""value"": 0.1901472513563931}, {""token"": ""water"", ""value"": 0.26990060484968126}]"
c81cd2,both_wrong,life uh finds a way,1,0,0,0.7883630990982056,0.21163694560527802,"[{""token"": ""uh "", ""value"": 0.0119711235165596}, {""token"": ""a "", ""value"": -0.029106371104717255}, {""token"": ""life "", ""value"": -0.05622747540473938}, {""token"": ""finds "", ""value"": -0.05959288030862808}, {""token"": ""way"", ""value"": -0.068682961165905}]","[{""token"": ""way"", ""value"": -0.068682961165905}, {""token"": ""finds "", ""value"": -0.05959288030862808}, {""token"": ""life "", ""value"": -0.05622747540473938}, {""token"": ""a "", ""value"": -0.029106371104717255}, {""token"": ""uh "", ""value"": 0.0119711235165596}]"
