id,comparison_group,label,prediction_roberta,prediction_resnet,prediction_fusion,probability_roberta,probability_resnet,probability_fused,text,image_path,gradcam_path,supportive_tokens,opposing_tokens,fusion_probability_shift,absolute_fusion_shift,roberta_confidence,resnet_confidence,mean_model_confidence
4wk154,fusion_only_correct,1,0,1,1,0.340576171875,0.9951171875,0.70057373046875,cooper cronk happy after a win last night in the nrl,data\raw\fakeddit\development_images\test\4wk154.jpg,results\gradcam\fusion_only_correct\4wk154.jpg,,,0.35999755859375004,0.35999755859375004,0.659423828125,0.9951171875,0.8272705078125
3l7w2i,fusion_only_correct,1,0,1,1,0.2457275390625,0.71240234375,0.5023986816406251,a sculpture showing children trapped within adult bodies at this years burning man,data\raw\fakeddit\development_images\test\3l7w2i.jpg,results\gradcam\fusion_only_correct\3l7w2i.jpg,,,0.25667114257812507,0.25667114257812507,0.7542724609375,0.71240234375,0.73333740234375
cqs6ua,fusion_only_correct,1,0,1,1,0.0231781005859375,0.939453125,0.5271293640136719,check out this job title,data\raw\fakeddit\development_images\test\cqs6ua.jpg,results\gradcam\fusion_only_correct\cqs6ua.jpg,,,0.5039512634277344,0.5039512634277344,0.9768218994140625,0.939453125,0.9581375122070312
76lwzc,fusion_only_correct,0,1,0,0,0.96533203125,0.032745361328125,0.4524093627929687,these derpy crates,data\raw\fakeddit\development_images\test\76lwzc.jpg,results\gradcam\fusion_only_correct\76lwzc.jpg,,,-0.5129226684570314,0.5129226684570314,0.96533203125,0.967254638671875,0.9662933349609375
17zxim,fusion_only_correct,0,1,0,0,0.626953125,0.042694091796875,0.3056106567382813,lego head on bus,data\raw\fakeddit\development_images\test\17zxim.jpg,results\gradcam\fusion_only_correct\17zxim.jpg,,,-0.3213424682617187,0.3213424682617187,0.626953125,0.957305908203125,0.7921295166015625
1nsjvc,fusion_only_correct,1,0,1,1,0.358154296875,0.76708984375,0.58306884765625,the legend of zelda ocarina of time is classist sexist and racist,data\raw\fakeddit\development_images\test\1nsjvc.jpg,results\gradcam\fusion_only_correct\1nsjvc.jpg,,,0.22491455078125,0.22491455078125,0.641845703125,0.76708984375,0.7044677734375
d0pjmv,fusion_only_correct,1,0,1,1,0.130615234375,0.9794921875,0.5974975585937501,i found aliens on my classic arcade machine and wanted to share,data\raw\fakeddit\development_images\test\d0pjmv.jpg,results\gradcam\fusion_only_correct\d0pjmv.jpg,,,0.4668823242187501,0.4668823242187501,0.869384765625,0.9794921875,0.9244384765625
6ajvje,fusion_only_correct,0,1,0,0,0.54150390625,0.0039596557617187,0.2458545684814453,sean spicer taking questions about comeys firing,data\raw\fakeddit\development_images\test\6ajvje.jpg,results\gradcam\fusion_only_correct\6ajvje.jpg,,,-0.29564933776855473,0.29564933776855473,0.54150390625,0.9960403442382812,0.7687721252441406
wrqf2,roberta_only_correct,1,1,0,0,0.861328125,0.044342041015625,0.4119857788085937,gaming lizard,data\raw\fakeddit\development_images\test\wrqf2.jpg,results\gradcam\roberta_only_correct\wrqf2.jpg,"[{""token"": ""lizard"", ""shap"": 0.5869558276608586}, {""token"": ""gaming "", ""shap"": 0.2643842780962586}]",[],-0.4493423461914063,0.4493423461914063,0.861328125,0.955657958984375,0.9084930419921875
cxnsqh,roberta_only_correct,1,1,0,0,0.978515625,0.037384033203125,0.4608932495117188,a motorcycle thing i saw today on my way home from work inside looks like a cockpit,data\raw\fakeddit\development_images\test\cxnsqh.jpg,results\gradcam\roberta_only_correct\cxnsqh.jpg,,,-0.5176223754882812,0.5176223754882812,0.978515625,0.962615966796875,0.9705657958984375
8arzp9,roberta_only_correct,0,0,1,1,0.1956787109375,0.783203125,0.5188171386718751,waterfall,data\raw\fakeddit\development_images\test\8arzp9.jpg,results\gradcam\roberta_only_correct\8arzp9.jpg,,,0.32313842773437507,0.32313842773437507,0.8043212890625,0.783203125,0.79376220703125
3g1zqo,roberta_only_correct,1,1,0,0,0.5625,0.1986083984375,0.362359619140625,dutch soldiers are shouting bang bang because theyve run out of bullets,data\raw\fakeddit\development_images\test\3g1zqo.jpg,results\gradcam\roberta_only_correct\3g1zqo.jpg,,,-0.20014038085937502,0.20014038085937502,0.5625,0.8013916015625,0.68194580078125
ccaqqw,roberta_only_correct,1,1,0,0,0.994140625,0.07330322265625,0.4876800537109375,this resealable can,data\raw\fakeddit\development_images\test\ccaqqw.jpg,results\gradcam\roberta_only_correct\ccaqqw.jpg,,,-0.5064605712890625,0.5064605712890625,0.994140625,0.92669677734375,0.960418701171875
3p3t2p,roberta_only_correct,1,1,0,0,0.51025390625,0.48046875,0.4938720703125,yosemite,data\raw\fakeddit\development_images\test\3p3t2p.jpg,results\gradcam\roberta_only_correct\3p3t2p.jpg,,,-0.016381835937499978,0.016381835937499978,0.51025390625,0.51953125,0.514892578125
cekvz9,roberta_only_correct,1,1,0,0,0.630859375,0.076171875,0.32578125,my friend and i were making shadow puppets and he somehow managed to make a pupil in the eye oo,data\raw\fakeddit\development_images\test\cekvz9.jpg,results\gradcam\roberta_only_correct\cekvz9.jpg,,,-0.305078125,0.305078125,0.630859375,0.923828125,0.77734375
b8z5wj,roberta_only_correct,0,0,1,1,0.087646484375,0.8720703125,0.51907958984375,raising the flag over iwo jima,data\raw\fakeddit\development_images\test\b8z5wj.jpg,results\gradcam\roberta_only_correct\b8z5wj.jpg,,,0.43143310546875,0.43143310546875,0.912353515625,0.8720703125,0.8922119140625
2hyhbp,both_correct,1,1,1,1,0.96484375,0.9873046875,0.977197265625,this man crossing the finish line,data\raw\fakeddit\development_images\test\2hyhbp.jpg,results\gradcam\both_correct\2hyhbp.jpg,,,0.012353515624999978,0.012353515624999978,0.96484375,0.9873046875,0.97607421875
2gnwue,both_correct,0,0,1,0,0.054656982421875,0.65966796875,0.3874130249023438,theres a pretty chill lama in this wood paneling,data\raw\fakeddit\development_images\test\2gnwue.jpg,results\gradcam\both_correct\2gnwue.jpg,,,0.3327560424804688,0.3327560424804688,0.945343017578125,0.65966796875,0.8025054931640625
1r5ley,both_correct,1,1,1,1,0.96533203125,0.96240234375,0.963720703125,fiscal conservative congressman trey radel vastly overpaid for his coke,data\raw\fakeddit\development_images\test\1r5ley.jpg,results\gradcam\both_correct\1r5ley.jpg,,,-0.0016113281249999778,0.0016113281249999778,0.96533203125,0.96240234375,0.9638671875
3gvt03,both_correct,0,0,0,0,0.0121002197265625,0.0006117820739746,0.0057815790176391,airole kinghood,data\raw\fakeddit\development_images\test\3gvt03.jpg,results\gradcam\both_correct\3gvt03.jpg,,,-0.0063186407089234,0.0063186407089234,0.9878997802734375,0.9993882179260254,0.9936439990997314
7nfptv,both_correct,1,1,1,1,0.97802734375,0.67431640625,0.810986328125,russia sentences fund head browder who campaigned in magnitsky case,data\raw\fakeddit\development_images\test\7nfptv.jpg,results\gradcam\both_correct\7nfptv.jpg,,,-0.16704101562499996,0.16704101562499996,0.97802734375,0.67431640625,0.826171875
1d4es4,both_correct,1,1,1,1,0.9873046875,0.82568359375,0.8984130859375,my friend making a weaselly face while her mom flexes her tattooed bicep,data\raw\fakeddit\development_images\test\1d4es4.jpg,results\gradcam\both_correct\1d4es4.jpg,,,-0.08889160156249998,0.08889160156249998,0.9873046875,0.82568359375,0.906494140625
67xmj0,both_correct,1,1,1,1,0.990234375,0.7978515625,0.8844238281250001,recreational therapy student dedicates her lifes work to helping veterans,data\raw\fakeddit\development_images\test\67xmj0.jpg,results\gradcam\both_correct\67xmj0.jpg,,,-0.10581054687499991,0.10581054687499991,0.990234375,0.7978515625,0.89404296875
4g47q0,both_correct,1,1,1,1,0.96435546875,0.7509765625,0.8469970703125,happy to call the us his home wasco calif man becomes us citizen at yearsold his wife gains us citizen next week,data\raw\fakeddit\development_images\test\4g47q0.jpg,results\gradcam\both_correct\4g47q0.jpg,,,-0.11735839843749996,0.11735839843749996,0.96435546875,0.7509765625,0.857666015625
bt3pd9,both_wrong,1,0,1,0,0.0770263671875,0.59423828125,0.361492919921875,which car do you want blue or purple how about both,data\raw\fakeddit\development_images\test\bt3pd9.jpg,results\gradcam\both_wrong\bt3pd9.jpg,,,0.284466552734375,0.284466552734375,0.9229736328125,0.59423828125,0.75860595703125
dry4tko,both_wrong,0,1,1,1,0.99365234375,0.8408203125,0.9095947265625,this cat longing for attention,data\raw\fakeddit\development_images\test\dry4tko.jpg,results\gradcam\both_wrong\dry4tko.jpg,,,-0.08405761718750004,0.08405761718750004,0.99365234375,0.8408203125,0.917236328125
cnvfog,both_wrong,1,0,0,0,0.31298828125,0.08331298828125,0.1866668701171875,blackbeards truck,data\raw\fakeddit\development_images\test\cnvfog.jpg,results\gradcam\both_wrong\cnvfog.jpg,,,-0.1263214111328125,0.1263214111328125,0.68701171875,0.91668701171875,0.801849365234375
aufhxu,both_wrong,0,1,0,1,0.9384765625,0.436767578125,0.66253662109375,yearold attributes longevity to sheer random chance,data\raw\fakeddit\development_images\test\aufhxu.jpg,results\gradcam\both_wrong\aufhxu.jpg,,,-0.27593994140625,0.27593994140625,0.9384765625,0.563232421875,0.7508544921875
bdos33,both_wrong,0,1,1,1,0.74755859375,0.82568359375,0.79052734375,a damaged golf club,data\raw\fakeddit\development_images\test\bdos33.jpg,results\gradcam\both_wrong\bdos33.jpg,,,0.04296875,0.04296875,0.74755859375,0.82568359375,0.78662109375
97ryrw,both_wrong,0,1,1,1,0.990234375,0.6630859375,0.810302734375,man with sword,data\raw\fakeddit\development_images\test\97ryrw.jpg,results\gradcam\both_wrong\97ryrw.jpg,,,-0.179931640625,0.179931640625,0.990234375,0.6630859375,0.82666015625
9k313w,both_wrong,0,1,1,1,0.71337890625,0.52685546875,0.610791015625,the shape of water,data\raw\fakeddit\development_images\test\9k313w.jpg,results\gradcam\both_wrong\9k313w.jpg,,,-0.10258789062499996,0.10258789062499996,0.71337890625,0.52685546875,0.6201171875
c81cd2,both_wrong,1,0,1,0,0.211669921875,0.677734375,0.46800537109375,life uh finds a way,data\raw\fakeddit\development_images\test\c81cd2.jpg,results\gradcam\both_wrong\c81cd2.jpg,,,0.25633544921875,0.25633544921875,0.788330078125,0.677734375,0.7330322265625
