sha256,count
faa24ec881e6040655c187a681d6dc496eb8aa41e1bd0652a180b3a40b457187,5706
f7e1e0d01594116768180a5a8fa2fa085781f2b25c08112f350017ef08d907f3,8
e6b75b717e56fc5a89ffcf5358cd2537ede4b474686cded1f8f3eaaf3041b5ed,6
f1f93f7c17c6b69be6fb9746a5bb704b0f2eaf1340733e8a02a9ca20368001cb,5
d672aa5aed0eb7c0f2be32403cbc3a45e503820f0c6ae2dab31d0746790ed372,5
92bb7ffab99950664cf7334167938e4413b64cd1dfde9787a9e1dcfb7ea3d56e,5
24dd7db892e77d71256fb7dc0487f603197a04019f1daef4fa1ce1cc184673a4,5
78bc281f6bbc5245e8cf3351130764351f2fb8fe2198ac7a2a98bb7309f5afa5,4
f66270c8d1828e1db15f6aff1b17ca24c6de3407375658e786393df934debcc6,4
9af2361b262bc2d1acb430e39ea8536024c396f5373914823026f1dac26b3269,3
a241f809291baefb68b6bab75ec4d1aeecb67c237b2af7fc431c5a16118e1399,3
ae7de1fd8d520287021313b8e8dff55980a6fc19b937ae8a8bc1a90f062fae51,3
a7eb56313f01d2a217dcd9a9b48d43655655e986d771f5fa170f048b6f96b4a9,2
5f500d5036cc4538f42027486729c90cdb2daa2c52c11de27ab897a2ba9b12e3,2
5797f2c05519a4e8f43085e08a0963f49a488566ba0bd0beb0814373692f9bff,2
f471081a4766628e664f2c8d38368ce95e511b0d11aab0d3d05c26608cbc900a,2
5964cff8b889ec5b64bea4d8bb999afc75ad8028cf4e8b31b16d0b46eb74d339,2
49059c3dac2b002d3982a56d7c2915e304f2c38cdf5c3b5f35060ea0519b65ea,2
0fcad08984b60bbd941f179f8f1cb564c078f32145c1f8bfd97aa7dbaf4ded70,2
387cc0b47aefa444c6a96a1870bcdd0129c4ef1ce32bd9bfca09746251b8ee65,2
bbe773a2ffafdc927ade167de83c020534580b943b3c584b7c1910de82a282b8,2
b124c9d3748d029c13993a6fe7b43624672a01f7a9e8c8c490a75776dd08d124,2
bc34d9762096ac1dffa3d6f29ff54b56b32231ff97365e75928399c414b56c20,2
d0d78e92f8649a998a911d81c5d2ad785321477299cbd47d8b3946071695eab4,2
807b2b9445d34e649722fbd6d9a3d331a29939deb43951aa2ae4b36c795c16e2,2
9adbbecfce11a7f1a28dcec55678559ab1e31f127a5622b615cdb763bf2b1a16,2
f5abf8bca7d134544568f2662bcbd8fcb847d5e22c08fd42bf0d6a2fcddae8f8,2
4116a94587c2fad29f566020fee5ae471e4ba6a4d97b7b75abd107dc30167102,2
6a77163483e558fefb32fdaf0f0c737fefb41f21be739c42adee78711cb491d3,2
a30d61c3479ddc446db80701ef8213c19fb3e67f429c60c5dcdad0e4972745c3,2
459e0bc5e22a6e60eee6dd3928f64d5ec20920f78d0898e563ce9fd89f38cd55,2
7328b46f1ba0bfeec87b783804446b6470cc8f5fdd8b7bdda2ed33d4fbc84e85,2
abb4657ad299830587baede865e798cf2c841ad78deb1b894b53f0c3149998b7,2
9c4c388e3897aadc463941243af46a5b53bc96f930a229dd5ae3b1bb9e8f954d,2
ab103262d931f0ca81c955cbfb53e8c7961387b1a6bede8678d6e2daf7dfbca7,2
