text,id,image_url,label,split,source_dataset,text_length_chars,text_length_words,image_url_available,exists,valid,image_usable,is_placeholder,width,height,size_bytes,sha256,error,image_path,prediction_roberta,probability_roberta,prediction_resnet,probability_resnet,prediction_fusion,probability_fused,roberta_correct,resnet_correct,fusion_correct,comparison_group
this resealable can,ccaqqw,https://preview.redd.it/7fvzcpv4iv931.jpg?width=320&crop=smart&auto=webp&s=330dc83c02b10e129437d7ae8488c30f39a5e96a,1,test,fakeddit,19,3,True,True,True,True,False,320.0,426.0,19019.0,67b2e24408d62ac358614b472bbb050d41713f835cd80f7ff45635dcdd0da2a2,,data\raw\fakeddit\development_images\test\ccaqqw.jpg,1,0.994140625,0,0.07330322265625,0,0.4876800537109375,True,False,False,roberta_only_correct
beautifully painted lighter,bos3zm,https://preview.redd.it/nx481k0tu7y21.jpg?width=320&crop=smart&auto=webp&s=b4b8f9c5a64845fb4eb0768125b1fd7d85c41398,0,test,fakeddit,27,3,True,True,True,True,False,320.0,426.0,32630.0,8054fd5bb465e891bfb81f9228110148b569f25291271d8147d2c44607181ebc,,data\raw\fakeddit\development_images\test\bos3zm.jpg,0,0.03076171875,1,0.9609375,1,0.5423583984375,True,False,False,roberta_only_correct
scientists trained rats to associate certain odors with being tickled,ckhzo6,https://external-preview.redd.it/qxp1O8AOSksniqRBKtWf4o4vXxhx_c53Wnrc0Ur7VLk.jpg?width=320&crop=smart&auto=webp&s=b77c3ac5647cec6d32e1bceef798cc742f0a2912,1,test,fakeddit,69,10,True,True,True,True,False,320.0,214.0,7767.0,6a6167bdc0c8e89383c8265dd9f29ec9aac3415117f9832ae68ad0388a1ddd21,,data\raw\fakeddit\development_images\test\ckhzo6.jpg,1,0.794921875,0,0.22021484375,0,0.4788330078125,True,False,False,roberta_only_correct
ice selftitled,8evzo4,https://preview.redd.it/fmankp37o3u01.jpg?width=320&crop=smart&auto=webp&s=8d90f70717830fe2f1a887ad172d84e4ddb21980,0,test,fakeddit,14,2,True,True,True,True,False,320.0,320.0,16602.0,c74ac0d0a2de770e49c5e4515e614924feb92e7e57737a91629f16cc4124a095,,data\raw\fakeddit\development_images\test\8evzo4.jpg,0,0.00933837890625,1,0.9267578125,1,0.5139190673828126,True,False,False,roberta_only_correct
im not sure what these eggs are so happy about,2ufzff,https://external-preview.redd.it/yZ8Px4GsxWwvF9KZtziyB2exxft9h7qbMxZ_x4-viSE.jpg?width=320&crop=smart&auto=webp&s=604d45c10b98d5675921e82c99774a4917cfef8d,0,test,fakeddit,46,10,True,True,True,True,False,320.0,568.0,20310.0,2b1cc280190bb9657890d5fc656aae5c75d4fd68ebc00a207d6da8aaf226d595,,data\raw\fakeddit\development_images\test\2ufzff.jpg,0,0.09771728515625,1,0.994140625,1,0.5907501220703126,True,False,False,roberta_only_correct
tv veterinarian teaches proper potty protocol for yourkitty,4x089q,https://external-preview.redd.it/ABX4zLKP74CF3aem-zPT41dQdCNKvX-JkBTMPK3Y0-I.png?width=320&crop=smart&auto=webp&s=6846f126baa12b9200006a6a8bacc4f58f6cf753,1,test,fakeddit,59,8,True,True,True,True,False,320.0,195.0,40695.0,418ebe7e24b362b12a9ca4744bc920944159ad8b6f70cf0bafe9ef81d967fa22,,data\raw\fakeddit\development_images\test\4x089q.jpg,1,0.74853515625,0,0.130859375,0,0.4088134765625,True,False,False,roberta_only_correct
the writers of my house seems to have made smoothies in my bucket,3l7x5a,https://external-preview.redd.it/SEEi3owJxaCYad_tTxjE-LyD-W65lu461PFg96goEE4.jpg?width=320&crop=smart&auto=webp&s=318c07798319314b7eb560a6ce938f9672a1693c,0,test,fakeddit,65,13,True,True,True,True,False,320.0,426.0,24351.0,4f324623278d9795d4b8102078512fe5b69bb09a0244f03b4fc11b5eff1523dc,,data\raw\fakeddit\development_images\test\3l7x5a.jpg,0,0.2410888671875,1,0.970703125,1,0.642376708984375,True,False,False,roberta_only_correct
this box that looks like an animal,cggq9l,https://preview.redd.it/x5ps0q10bwb31.jpg?width=320&crop=smart&auto=webp&s=6f43271dbe54722f3ba61ad804d927863f167cde,1,test,fakeddit,34,7,True,True,True,True,False,320.0,426.0,21644.0,f25bfa59491b8691002daa50d42087717cb893bcbb058e202aefcea29b7637d4,,data\raw\fakeddit\development_images\test\cggq9l.jpg,1,0.52880859375,0,0.271728515625,0,0.38741455078125,True,False,False,roberta_only_correct
it must be really difficult finding pants,ciyvok,https://preview.redd.it/mzr4rvyn03d31.jpg?width=320&crop=smart&auto=webp&s=ebbf5ddca53a12219159134ebec6d11ff727a549,0,test,fakeddit,41,7,True,True,True,True,False,320.0,300.0,21003.0,aaff2c0026d0917f258d292dfba7f67ef133a95ba74dbaae4e09d5484026804a,,data\raw\fakeddit\development_images\test\ciyvok.jpg,0,0.046417236328125,1,0.87451171875,1,0.5018692016601562,True,False,False,roberta_only_correct
this bearshaped potato,bpo5xe,https://preview.redd.it/acijrk9o3qy21.png?width=320&crop=smart&auto=webp&s=1f9628f926c52e1178aab78898c5043e78a1a944,1,test,fakeddit,22,3,True,True,True,True,False,320.0,402.0,59140.0,0c69e6ac5a3f46688a6d1b621e4e935ae0fb377086d308749b0718e61500bd06,,data\raw\fakeddit\development_images\test\bpo5xe.jpg,1,0.9140625,0,0.1319580078125,0,0.483905029296875,True,False,False,roberta_only_correct
youll never guess who owns go tribe phrase,5ajhss,https://external-preview.redd.it/HZUCZe_bM56r8Ia28VwZbXOCzwrkhUmtf_65TrnqeII.jpg?width=320&crop=smart&auto=webp&s=f1dfeb0cd32733e3ab77206326fee92b435e0dec,0,test,fakeddit,42,8,True,True,True,True,False,320.0,180.0,14157.0,0886fda69a91b015fc159949763bf8e333ef828cb68daaecdd1434b02c852720,,data\raw\fakeddit\development_images\test\5ajhss.jpg,0,0.0140762329101562,1,0.96533203125,1,0.5372669219970704,True,False,False,roberta_only_correct
a desert lizard,22y5hz,https://external-preview.redd.it/c2jYVM1WUjITGKMYrP3OMvPA9krBYAUM_NzJDYRDfYo.jpg?width=320&crop=smart&auto=webp&s=88a617261a136c2923e49341b86318b22d8410c3,0,test,fakeddit,15,3,True,True,True,True,False,320.0,213.0,20488.0,c683abec1eec241f9d883525536655e4816275d1ef847a29c91f60198ac16b5b,,data\raw\fakeddit\development_images\test\22y5hz.jpg,0,0.2509765625,1,0.80224609375,1,0.5541748046875,True,False,False,roberta_only_correct
audience participation is advised communist elections posters berlin poster,1lc4ng,https://external-preview.redd.it/3irQdS4FuueP_9_4IytzV1wTrACK0Zbr4K5MvuefzCk.jpg?width=216&crop=smart&auto=webp&s=773994455ddef765c9481f1d369a57dc13d2b14d,0,test,fakeddit,75,9,True,True,True,True,False,216.0,144.0,9722.0,6a46de4c1cbb62943b6924e3d41483325a39847ac8ea144e3b82dce3a91314d8,,data\raw\fakeddit\development_images\test\1lc4ng.jpg,0,0.0039443969726562,1,0.9501953125,1,0.5243824005126954,True,False,False,roberta_only_correct
this antique lawnmower,8p9i22,https://external-preview.redd.it/UI_u3mkFopUop8kUrK1l5k-B1yKq0xRmSUqGyYFxtuI.jpg?width=320&crop=smart&auto=webp&s=efad4984a91aea1a5a7ef9c719c129ceb1dbf255,1,test,fakeddit,22,3,True,True,True,True,False,320.0,240.0,17814.0,32002f14b90a261d7017f8dfedbf6aa923efcd3dd5d81980ed71bf57516b206d,,data\raw\fakeddit\development_images\test\8p9i22.jpg,1,0.93798828125,0,0.031707763671875,0,0.4395339965820313,True,False,False,roberta_only_correct
thats a wall not a lake,5ms7bq,https://external-preview.redd.it/I6SKsof_bM_pS9yEoQAwH25xcX7NPTgSUtE2jdznZ0w.jpg?width=320&crop=smart&auto=webp&s=6bc694fb973b8cf3274859fbb6bbc2ba81714269,0,test,fakeddit,23,6,True,True,True,True,False,320.0,180.0,14914.0,e8a87a142ff8051c9bfb8eaea2049e89e0f14921096b1dbffcee47dbea2ffb23,,data\raw\fakeddit\development_images\test\5ms7bq.jpg,0,0.1630859375,1,0.77685546875,1,0.5006591796875001,True,False,False,roberta_only_correct
japanese students preparing to be sacrificed to the great volcanic god,8oqxn1,https://preview.redd.it/x33a24azs6211.jpg?width=320&crop=smart&auto=webp&s=9d591a3ea69c34b754baab160a83041fdf924177,0,test,fakeddit,70,11,True,True,True,True,False,320.0,224.0,20321.0,4a9c65df8f506993bfb885e4592df03af442db34043c0466e00159ec7780b7bc,,data\raw\fakeddit\development_images\test\8oqxn1.jpg,0,0.0177001953125,1,0.94189453125,1,0.526007080078125,True,False,False,roberta_only_correct
in the czech republic i took this pic of an angel head on a gate thats supposed to give you luck when you touch it its been polished to mirror finish,az7nok,https://preview.redd.it/749eavenj5l21.jpg?width=320&crop=smart&auto=webp&s=1e4b308665a3e71e1d5d17119dc9eb7744cb7cc2,1,test,fakeddit,149,31,True,True,True,True,False,320.0,240.0,22431.0,9b2151f1893f81745ae8327c6ba91c826a0f838bb5e1ccc9b14db9023fb6139c,,data\raw\fakeddit\development_images\test\az7nok.jpg,1,0.99267578125,0,0.040679931640625,0,0.4690780639648437,True,False,False,roberta_only_correct
old witch log,38mnp4,https://external-preview.redd.it/ESckLa2AHCNT8sIMPpu-cIdPStyjkQs5siGPICxQTDA.jpg?width=320&crop=smart&auto=webp&s=04c8b5c41230751874233501e9a60e8397ad2dc7,0,test,fakeddit,13,3,True,True,True,True,False,320.0,426.0,32019.0,16ec76e85d70d7aac51866de198a386d7fc8155d5be96d83675dd05171f915c1,,data\raw\fakeddit\development_images\test\38mnp4.jpg,0,0.070068359375,1,0.94775390625,1,0.5527954101562501,True,False,False,roberta_only_correct
black friday has been dethroned theres a new biggest shopping day of the year,57ygca,https://external-preview.redd.it/RyxOlbh2g6pCrOQTU_nntmo25P00dTmaAGsX7bzUyDY.jpg?width=320&crop=smart&auto=webp&s=e60316c1285b29fa75ab004c02f64b7bd101da10,0,test,fakeddit,77,14,True,True,True,True,False,320.0,240.0,22827.0,7b2fa13ffced3a16615e15f5cd5eb3c8f575c3120c83c3e51c6a41c737e3c429,,data\raw\fakeddit\development_images\test\57ygca.jpg,0,0.3779296875,1,0.95654296875,1,0.6961669921875,True,False,False,roberta_only_correct
a knife made an imprint in my husbands side,b56pj2,https://preview.redd.it/2cdv9ldub7o21.jpg?width=320&crop=smart&auto=webp&s=de3d30dd149936e894d46deb3e0f8d16139accde,1,test,fakeddit,43,9,True,True,True,True,False,320.0,206.0,5539.0,06a1557a4e0cfce743d4a37de7b7667e3e0cd84b7409794fd4c83795481bc699,,data\raw\fakeddit\development_images\test\b56pj2.jpg,1,0.9306640625,0,0.0203094482421875,0,0.4299690246582031,True,False,False,roberta_only_correct
new york city woman finds lost wedding ring in trash dump,5fyp3h,https://external-preview.redd.it/iYXgbPkOjNl2n2EnsYVRddP7A7-kvxBvTxwBO2I8V5A.jpg?width=320&crop=smart&auto=webp&s=7ee9168a2483f23a8ed59d37a238380ef7ff101f,1,test,fakeddit,57,11,True,True,True,True,False,320.0,180.0,7311.0,5433dbe3201e885804a972590660d95fe557c16c3752be794e18fbdde916cb2b,,data\raw\fakeddit\development_images\test\5fyp3h.jpg,1,0.99072265625,0,0.050323486328125,0,0.4735031127929688,True,False,False,roberta_only_correct
creepin clinton,98f12x,https://preview.redd.it/4qrjtsdq6wg11.jpg?width=320&crop=smart&auto=webp&s=d837d17b127dee600aabe6e9f73da77b174b542d,1,test,fakeddit,15,2,True,True,True,True,False,320.0,260.0,20399.0,621ce6f8b98f56d6e9b7c6915efc396eb23249c6a1b63c51f128bef6993c2e98,,data\raw\fakeddit\development_images\test\98f12x.jpg,1,0.56201171875,0,0.312744140625,0,0.42491455078125,True,False,False,roberta_only_correct
a motorcycle thing i saw today on my way home from work inside looks like a cockpit,cxnsqh,https://preview.redd.it/kkybpiwzunj31.jpg?width=320&crop=smart&auto=webp&s=1afeb96fcd19834ec06eca7fd2887115b54cdde9,1,test,fakeddit,83,17,True,True,True,True,False,320.0,240.0,15837.0,57da9bea3e601d055ad62de230ff9b12dfd6e747f8628b5ed290824178476b12,,data\raw\fakeddit\development_images\test\cxnsqh.jpg,1,0.978515625,0,0.037384033203125,0,0.4608932495117188,True,False,False,roberta_only_correct
martin luther king jrs i had a dream speech,ax41wf,https://preview.redd.it/39iuwk8us1k21.jpg?width=320&crop=smart&auto=webp&s=ab35ec2c6598ddd2f0d09af53c612c68d68f59be,0,test,fakeddit,43,9,True,True,True,True,False,320.0,355.0,20909.0,97738e4db541881994fe73ddbdd428fac87226b31dfa71922de2a5fd470f1d67,,data\raw\fakeddit\development_images\test\ax41wf.jpg,0,0.05072021484375,1,0.93603515625,1,0.5376434326171876,True,False,False,roberta_only_correct
evel knievel attempts to jump the fountains at caesars palace las vegas,6wwl7x,https://preview.redd.it/zv7br4j4qsiz.jpg?width=320&crop=smart&auto=webp&s=51f05c916f2af7c63b0daa9818ab70a4cf28daaf,0,test,fakeddit,71,12,True,True,True,True,False,320.0,180.0,15610.0,e22bec6860bc8fd38e034b7b2c2aa2db0ec7c1381dbcb4a03216859d8bc96ca2,,data\raw\fakeddit\development_images\test\6wwl7x.jpg,0,0.1949462890625,1,0.8896484375,1,0.577032470703125,True,False,False,roberta_only_correct
space station commander answers the ultimate question about astronaut farts,braxh5,https://external-preview.redd.it/azJTyVk0G5hEkzC00qSPgs_2LhidELiwmGS_qBg2Ndk.jpg?width=320&crop=smart&auto=webp&s=6369f03d0433d9be7a24e7f4bfe75e87a745eb5b,0,test,fakeddit,75,10,True,True,True,True,False,320.0,167.0,11954.0,6a40999cc7ff6739a99f1cb5f0cee0a12ba7429803f7eabf501305ba77ace33d,,data\raw\fakeddit\development_images\test\braxh5.jpg,0,0.035247802734375,1,0.9345703125,1,0.5298751831054688,True,False,False,roberta_only_correct
yosemite,3p3t2p,https://external-preview.redd.it/kdvy9s7A48rw11yr7QQxtih2OmiRrYG_cQTAkztzMao.png?width=320&crop=smart&auto=webp&s=7584635c018f10ab3d9834d42414d8a92b6b4579,1,test,fakeddit,8,1,True,True,True,True,False,320.0,240.0,1417.0,72a6aea218a7b62318b0e37354e19c5a2869400a31e96e1597f316191cf7877f,,data\raw\fakeddit\development_images\test\3p3t2p.jpg,1,0.51025390625,0,0.48046875,0,0.4938720703125,True,False,False,roberta_only_correct
this home depot hot tub,2uqa2r,https://external-preview.redd.it/Iz95XIhkqwGXn0B9hhLGdc8lip2bnfmRZtpNrRnv0BU.jpg?width=320&crop=smart&auto=webp&s=df1aff0d7463cbefce3a2a06bbaab13d7fa7d81c,1,test,fakeddit,23,5,True,True,True,True,False,320.0,397.0,21997.0,c01c21769fb5932a0ad35a0d8b14391a77f5d0f119acd69b6b48f41203871ff7,,data\raw\fakeddit\development_images\test\2uqa2r.jpg,1,0.9697265625,0,0.032470703125,0,0.45423583984375,True,False,False,roberta_only_correct
groot and rocket,6vxw4c,https://external-preview.redd.it/yCDrlLUg3-2qpdzjHyqLaRa30l3_RXD-D4UojNUnGms.jpg?width=320&crop=smart&auto=webp&s=751ce97736cdb7c8fb5d5d6d7b9bf00d434938b1,1,test,fakeddit,16,3,True,True,True,True,False,320.0,180.0,19961.0,08fefc11fe1f2adf11c34cd0826d2341e879db8b327b50611beb4bfd8877ddd6,,data\raw\fakeddit\development_images\test\6vxw4c.jpg,1,0.5078125,0,0.26806640625,0,0.3759521484375,True,False,False,roberta_only_correct
michonne finding tyreese hilarious,1wuqk0,https://external-preview.redd.it/P1tjvMqsUFXcwZLyo0jad7ear52vId1P8Pv7X_z0W8M.jpg?width=320&crop=smart&auto=webp&s=c3a62f419f126fe9196fc751145ab1b2072b8e66,1,test,fakeddit,34,4,True,True,True,True,False,320.0,320.0,20277.0,c0d0a56351f52c2c0226f5c34a618788bc9c5dfb1ac8e779a5d3299fe98a8fbb,,data\raw\fakeddit\development_images\test\1wuqk0.jpg,1,0.84423828125,0,0.05194091796875,0,0.4084747314453125,True,False,False,roberta_only_correct
this dumpster companys initials are a logo that says ew,d1e9cm,https://preview.redd.it/vt29jc8qrel31.jpg?width=320&crop=smart&auto=webp&s=316e2effc278b4bb2d4f907b071b3638f9b27721,1,test,fakeddit,55,10,True,True,True,True,False,320.0,426.0,19451.0,55d4c250c2bb2fb0bf26ca4017fc85151bc0914ca1f9e1a01531d29fee9fcd19,,data\raw\fakeddit\development_images\test\d1e9cm.jpg,1,0.994140625,0,0.03643798828125,0,0.4674041748046875,True,False,False,roberta_only_correct
mta officials assure new yorkers that todays subway will run just as fucked up as normal,7j4xap,https://external-preview.redd.it/KVay4ekWKn8Bk5skbmhfar-nTa17W5a3l5FE0vaHzug.jpg?width=320&crop=smart&auto=webp&s=bc5793b36848411c19f1220cadff670bac602b00,0,test,fakeddit,88,16,True,True,True,True,False,320.0,180.0,15691.0,d73177536411f9c3d6c3f7a713f5cca1ffe6e64654897bf8c7cd2cc8b7c6ba83,,data\raw\fakeddit\development_images\test\7j4xap.jpg,0,0.036865234375,1,0.9296875,1,0.52791748046875,True,False,False,roberta_only_correct
whale skeleton,65hu37,https://external-preview.redd.it/MtMyD1scwBA8-NUeLPXJhM1mSbzFOE6rBLff1Y8KrHw.jpg?width=320&crop=smart&auto=webp&s=cbcd9b13cf15d14819cd1da3561e1a59584d8169,0,test,fakeddit,14,2,True,True,True,True,False,320.0,176.0,9880.0,bb37bc85ffa3eeab937436243189963f9665124a90c9456fc4493b01ff3c9223,,data\raw\fakeddit\development_images\test\65hu37.jpg,0,0.031463623046875,1,0.94580078125,1,0.5343490600585938,True,False,False,roberta_only_correct
this is not the only parent of a kid no wonder i had a portal gun,71r566,https://preview.redd.it/qw8fclueganz.jpg?width=320&crop=smart&auto=webp&s=b6f9362b8689a5afbf80eebce2fac895a32dc664,0,test,fakeddit,65,16,True,True,True,True,False,320.0,212.0,12411.0,713eaa7b3e59b7f301ba49fc9b954daf65945c68360ea164b756f7a884919e89,,data\raw\fakeddit\development_images\test\71r566.jpg,0,0.35791015625,1,0.85498046875,1,0.631298828125,True,False,False,roberta_only_correct
china introduces surprisingly progressive sex education curriculum for kids some parents upset,5y0ybw,https://external-preview.redd.it/kD178wLTIeFnd74PJxGs26rxTqnq6oCfHCmoS2pLvrg.jpg?width=320&crop=smart&auto=webp&s=acc59f78eb603e9ab0ceed63abbad2596e28ba9b,1,test,fakeddit,94,12,True,True,True,True,False,320.0,320.0,25156.0,b21ef9848ddef1ed345b12b05f6e7bfd71764bfc350ab8fd3b6578b7cff72871,,data\raw\fakeddit\development_images\test\5y0ybw.jpg,1,0.9619140625,0,0.07452392578125,0,0.4738494873046875,True,False,False,roberta_only_correct
smiling town hall,1do75x,https://external-preview.redd.it/DgKq6fij-80rQsj7tHAKzAx-weQq0XxbbraHoJg7_cU.jpg?width=320&crop=smart&auto=webp&s=57998c663a1c472cd391023ec0322759d660fb3a,0,test,fakeddit,17,3,True,True,True,True,False,320.0,212.0,10785.0,93957b03219b98243034a8997a652624e808aca860619a4edcfcb77d293e76c2,,data\raw\fakeddit\development_images\test\1do75x.jpg,0,0.09527587890625,1,0.84765625,1,0.5090850830078125,True,False,False,roberta_only_correct
hitler salutes wehrmacht military units at nazi party rally nuremberg,8laz2f,https://external-preview.redd.it/D19Ed88ddsM-S6ttjrTpIDjS_i43l3k662jNgTvY5vY.png?width=320&crop=smart&format=pjpg&auto=webp&s=db4606244f3df90cb01bec533a4d639915c5700e,0,test,fakeddit,69,10,True,True,True,True,False,320.0,565.0,37039.0,754c2f86def46910e0d646acd255c2e5ae623d9b96ee14af809f501a20e84204,,data\raw\fakeddit\development_images\test\8laz2f.jpg,0,0.0047721862792968,1,0.943359375,1,0.5209951400756836,True,False,False,roberta_only_correct
no one else wants this dad is facing backlash after making the executive decision that the family will ride out the minute wait for a table at tgi fridays,bgjm9r,https://external-preview.redd.it/1juLykaZUjnfH4G_OWI9jOKlxe_OB9vu1kmyqVC8pUs.jpg?width=320&crop=smart&auto=webp&s=e24a08164f999ee112daf0bb055108cf2c963983,0,test,fakeddit,154,29,True,True,True,True,False,320.0,180.0,16535.0,ce0a4a48645f202080ce1ac917d5ce78abb3f393b05adca704d4d1a443bada74,,data\raw\fakeddit\development_images\test\bgjm9r.jpg,0,0.03729248046875,1,0.97265625,1,0.5517425537109376,True,False,False,roberta_only_correct
news major headache the blue angels got trapped inside a costco and no one knows how to get them back outside,5bnpq2,https://external-preview.redd.it/411n5QntNCnAPx3FBMb4p-1VGJH0o6ot6thD44yzz14.jpg?width=320&crop=smart&auto=webp&s=ee0633fad5303abd7c70fcfbeaea6d52bfa5666d,0,test,fakeddit,109,21,True,True,True,True,False,320.0,180.0,19606.0,d554a09e8216293bde21e64c5304dcf75fc602d7f8c923b508458114d6df9af1,,data\raw\fakeddit\development_images\test\5bnpq2.jpg,0,0.019287109375,1,0.9765625,1,0.54578857421875,True,False,False,roberta_only_correct
my friend and i were making shadow puppets and he somehow managed to make a pupil in the eye oo,cekvz9,https://preview.redd.it/96tkh7z2cya31.jpg?width=320&crop=smart&auto=webp&s=3551943cb2078861e26574e5a9151d5859f559b5,1,test,fakeddit,95,20,True,True,True,True,False,320.0,569.0,17228.0,b12ab3e0242da0c6e59336618ac2fab0d42336d5320b08088fde670d02438900,,data\raw\fakeddit\development_images\test\cekvz9.jpg,1,0.630859375,0,0.076171875,0,0.32578125,True,False,False,roberta_only_correct
gaming lizard,wrqf2,https://external-preview.redd.it/x95ODw-tROCMAj0EcpjTTm_tZyKkZacZbZ-8hQGhUuM.jpg?width=320&crop=smart&auto=webp&s=6a2dc2bd797b5c1a124b071827e6584f7c9a14bf,1,test,fakeddit,13,2,True,True,True,True,False,320.0,213.0,17877.0,39bde6e33d507995d1b872c7f30e80ee946b84e387ac9d8b068cc13d16299990,,data\raw\fakeddit\development_images\test\wrqf2.jpg,1,0.861328125,0,0.044342041015625,0,0.4119857788085937,True,False,False,roberta_only_correct
carter page have icbm capable of sarintipped missiles japan pm,7y10fc,https://external-preview.redd.it/My4fD2M8j7C0eoVJhGKQxWCC-pbyybqvZCAnMEWhM1Q.jpg?width=320&crop=smart&auto=webp&s=4d391e7e5d54fd1e790874b5a507b0bfec92479b,0,test,fakeddit,62,10,True,True,True,True,False,320.0,213.0,11014.0,dabe5d3a84a6bdb4d6b51f7bd4e9a0b5f06533b111f6a59b8f1d3b8e0d4029d3,,data\raw\fakeddit\development_images\test\7y10fc.jpg,0,0.052703857421875,1,0.87060546875,1,0.5025497436523438,True,False,False,roberta_only_correct
the green new deal is the democratic partys first step towards creeping socialism,b21aok,https://external-preview.redd.it/gMAqL-ncHGPN_bKdQstR1WgNlz_mNP5YwLKYQUGwYJQ.jpg?width=108&crop=smart&auto=webp&s=7f3837725d0376244b2cc60c44c839b46d4dcb37,0,test,fakeddit,81,13,True,True,True,True,False,108.0,108.0,1905.0,b94b9d2e999a200721651c5306335ca900dae82229421f174c1ebfbcf52a9cc6,,data\raw\fakeddit\development_images\test\b21aok.jpg,0,0.09100341796875,1,0.9970703125,1,0.5893402099609376,True,False,False,roberta_only_correct
cliff,7o6310,https://preview.redd.it/5ucywt91c4801.jpg?width=320&crop=smart&auto=webp&s=63ce37d2230cdaaed276580b926e278d7bde062d,0,test,fakeddit,5,1,True,True,True,True,False,320.0,319.0,13155.0,e0a9a7dde97033fac76bb0f708be96d28ce9d4a61d0e4f0fa5246e3ccaf536e0,,data\raw\fakeddit\development_images\test\7o6310.jpg,0,0.357177734375,1,0.63818359375,1,0.51173095703125,True,False,False,roberta_only_correct
someone made a jukebox from scratch at my uni,9di4sy,https://preview.redd.it/65xhdocp5mk11.jpg?width=320&crop=smart&auto=webp&s=184472f3c510b51acfdb3df3a9f704f90b68116a,1,test,fakeddit,45,9,True,True,True,True,False,320.0,320.0,19048.0,19c13c268988beb81880efbaa85bc02beba4e0d1d29c9578f466cf895f1a904b,,data\raw\fakeddit\development_images\test\9di4sy.jpg,1,0.9912109375,0,0.0482177734375,0,0.472564697265625,True,False,False,roberta_only_correct
simpson characters watching tv,1g7rcz,https://external-preview.redd.it/wANdc7cXZWAFtMf63PlTChJY2Zrmvy9NznWzpDlZtOI.jpg?width=320&crop=smart&auto=webp&s=328d12d96a15c097e2d2ba36a7fb567d5243ce48,1,test,fakeddit,30,4,True,True,True,True,False,320.0,227.0,25699.0,4ee77089d0b9993bf2a6afee5666d801e93f18e540b4ad9bf8ffbcf1245bf9e7,,data\raw\fakeddit\development_images\test\1g7rcz.jpg,1,0.783203125,0,0.032012939453125,0,0.3700485229492188,True,False,False,roberta_only_correct
a man holding a sign,28shy5,https://external-preview.redd.it/MajN_hhHFwCQ8B3xrBPfW7GBRTX9ZaiX2lBNiEsCpAI.jpg?width=320&crop=smart&auto=webp&s=2e5ec2e34df8442c8e2ecf27e3d3f1c2f61a36ef,1,test,fakeddit,20,5,True,True,True,True,False,320.0,211.0,14344.0,f1b808ce64f62a15c4f5561729b83704e97575685d52501313febee52653436e,,data\raw\fakeddit\development_images\test\28shy5.jpg,1,0.99072265625,0,0.043853759765625,0,0.4699447631835938,True,False,False,roberta_only_correct
youre a donkey lindsey lohan mistakenly tells fans in arabic,33gksk,https://external-preview.redd.it/Ecymn_WfI8evf3jBN272e6JwHRg6as6R8WemExCrzG0.jpg?width=320&crop=smart&auto=webp&s=d17707ebfa0ea46abf7fb19f252f25e2e672f0a3,1,test,fakeddit,60,10,True,True,True,True,False,320.0,179.0,15889.0,25a6792980774db4a61dc5286f14e8baf9c44818eaf02ad495e3701ef62e0310,,data\raw\fakeddit\development_images\test\33gksk.jpg,1,0.580078125,0,0.278564453125,0,0.41424560546875,True,False,False,roberta_only_correct
cutouts,cldg592,https://s3.amazonaws.com/hauntworld/users/9738/photos/48f5b7a3/915a6da7-0519-397f-2e89023ae2c1f0ad%2ejpg,0,test,fakeddit,7,1,True,True,True,True,False,600.0,400.0,64902.0,2c7fbcb1819cf32c0b2c5be5d40e8d307c5f1643871779e9dcaf486f114aeede,,data\raw\fakeddit\development_images\test\cldg592.jpg,0,0.037933349609375,1,0.8818359375,1,0.5020797729492188,True,False,False,roberta_only_correct
nasa psychologist shows visible concern over wellbeing of distressed apollo astronauts,623bz7,https://preview.redd.it/jh1yzhq6q8oy.jpg?width=320&crop=smart&auto=webp&s=523fa38b600e6e6238685e116c93b4a55eff2fe6,0,test,fakeddit,86,11,True,True,True,True,False,320.0,288.0,12615.0,e94279c53df5b75f6159185c5e3189fc02cdb11cf38086c337a9111aa66e1bf4,,data\raw\fakeddit\development_images\test\623bz7.jpg,0,0.2685546875,1,0.84130859375,1,0.5835693359375,True,False,False,roberta_only_correct
go out theres life outside,69uzir,https://preview.redd.it/2ube8539d6wy.jpg?width=320&crop=smart&auto=webp&s=be6342eb1eefd7c90d59192515d31cef5f29ba00,0,test,fakeddit,26,5,True,True,True,True,False,320.0,306.0,9930.0,db69301155ddb8ed8e5a130159c2f0fbb455f2c349c865084dcbd1ec0a7c186c,,data\raw\fakeddit\development_images\test\69uzir.jpg,0,0.041412353515625,1,0.93994140625,1,0.5356033325195313,True,False,False,roberta_only_correct
asserting dominance,923v87,https://preview.redd.it/a0dsnve9mbc11.jpg?width=320&crop=smart&auto=webp&s=b4b2eb61e7ff6af1c225d33e472bcff256bbe8ac,0,test,fakeddit,19,2,True,True,True,True,False,320.0,426.0,19517.0,1d796983ed3b0baa9fcd6b8effb9c5f3a273c34e8e3dbc8d9aae18f7317fa98c,,data\raw\fakeddit\development_images\test\923v87.jpg,0,0.033599853515625,1,0.92138671875,1,0.5218826293945313,True,False,False,roberta_only_correct
behind bars mmm maybe that wasnt a cool thing to do,6qy0fo,https://preview.redd.it/eqmw196f06dz.jpg?width=320&crop=smart&auto=webp&s=0fbf906411d8975c838eace5ee5dcebf948eff4c,0,test,fakeddit,51,11,True,True,True,True,False,320.0,240.0,15556.0,5df099787a9ac34c16fe41fbe3e76aa85d5a8b1be2e4ecb226c83bf15b3a8a90,,data\raw\fakeddit\development_images\test\6qy0fo.jpg,0,0.09613037109375,1,0.86181640625,1,0.5172576904296875,True,False,False,roberta_only_correct
fox news contributor reveals she gets her news from cnn,20ovdy,https://external-preview.redd.it/3Tl_jsMycgb4J87rkrlenBdZl-aRzeiK-DQS-uCUi70.jpg?width=320&crop=smart&auto=webp&s=1ec98690c68b6243076e61c9ac53cb049f21eb6a,1,test,fakeddit,55,10,True,True,True,True,False,320.0,213.0,14147.0,aff6f157310076f1a64849c3f919c677d80657ce8e0d5b59c7cdf70bf3d7fee8,,data\raw\fakeddit\development_images\test\20ovdy.jpg,1,0.61181640625,0,0.2763671875,0,0.4273193359375,True,False,False,roberta_only_correct
game developer accused of selling dlc to cats,wy3v4,https://external-preview.redd.it/kwR7o5Fn3AZMtKKBiqVG1Vy7xGOYxkpU2zxI4kiqf9o.jpg?width=320&crop=smart&auto=webp&s=1f600b991a187b0de9d197c828bb252ff9b5b26c,1,test,fakeddit,45,8,True,True,True,True,False,320.0,180.0,15018.0,de318019a74d1bfac30e6df6b42ce27ac7dc3af1145f019929c186e76d338d16,,data\raw\fakeddit\development_images\test\wy3v4.jpg,1,0.9931640625,0,0.0156707763671875,0,0.4555427551269531,True,False,False,roberta_only_correct
waterfall,8arzp9,https://external-preview.redd.it/nmueGSHMU41KRCScD9PIvSOeZpgmQTYIByxMIAMBEuU.jpg?width=108&crop=smart&auto=webp&s=84aa4a0f1db827f0d56ccbf2741e8df33816d680,0,test,fakeddit,9,1,True,True,True,True,False,108.0,60.0,2097.0,3c8e9ede9b9b7a47401d4de87482fccb90ececba874d24c3e3884a6af72c4ce0,,data\raw\fakeddit\development_images\test\8arzp9.jpg,0,0.1956787109375,1,0.783203125,1,0.5188171386718751,True,False,False,roberta_only_correct
this is the inside of a crt tv,dkcz2i,https://preview.redd.it/oehhf9htmlt31.jpg?width=320&crop=smart&auto=webp&s=d83aa917c83828ddf3957b3f2778dcac8b1092cc,1,test,fakeddit,30,8,True,True,True,True,False,320.0,180.0,9361.0,0879b402ffdd4648d9a3c7c1b89b384230a91a275c8cfe5a720da6a4e84878f7,,data\raw\fakeddit\development_images\test\dkcz2i.jpg,1,0.95263671875,0,0.11328125,0,0.4909912109375,True,False,False,roberta_only_correct
i call him freezrr burnz mc peach,d02hq0,https://preview.redd.it/vzuj7tc5qsk31.jpg?width=320&crop=smart&auto=webp&s=e23ddcfc9fada8c8265c8359e03b87183c675050,0,test,fakeddit,33,7,True,True,True,True,False,320.0,426.0,20383.0,eaac4aa95b833068b8a70eb52a7933b2eb9016624e60cec780ff404d2a78ece3,,data\raw\fakeddit\development_images\test\d02hq0.jpg,0,0.0182952880859375,1,0.9912109375,1,0.5533988952636719,True,False,False,roberta_only_correct
stabbing yourself in the ribs challenge appears to be much cooler alternative to tide pod challenge,7t1462,https://external-preview.redd.it/y3YMmuvD0zsY2I9JHcoJVM4b8fg17o70VnH18wnkSmc.jpg?width=320&crop=smart&auto=webp&s=3c0386fa6c6945fdbe3e2aefaf9528c45d5d6654,0,test,fakeddit,99,16,True,True,True,True,False,320.0,213.0,18482.0,074f56c9cd0b7b15b3749f3b0635ef8553ffc97a44b29dd7b80e1599c9ae7eec,,data\raw\fakeddit\development_images\test\7t1462.jpg,0,0.4033203125,1,0.93310546875,1,0.6947021484375001,True,False,False,roberta_only_correct
nerdy bandit robs portland american apparels but his real crime is wearing this fedora,1qxwhx,https://external-preview.redd.it/HoQML-nNR_Ndw5iaEfKlUsQu2B0a1L3IFNGhpnFdXXI.jpg?width=320&crop=smart&auto=webp&s=b7eeff5af738ffa331e1b1443863c444ac19a399,1,test,fakeddit,86,14,True,True,True,True,False,320.0,213.0,4944.0,360074e123ad9433303e4eb6144d41026c58e609ffad8539cdbedaf3fcba3558,,data\raw\fakeddit\development_images\test\1qxwhx.jpg,1,0.826171875,0,0.10791015625,0,0.4311279296875,True,False,False,roberta_only_correct
herman goring at the hofbraukeller munich,bvihhd,https://preview.redd.it/33n5l0vlbp131.jpg?width=320&crop=smart&auto=webp&s=a12b6bf5f91ff814a8693522ee5316881ec23d7f,0,test,fakeddit,41,6,True,True,True,True,False,320.0,394.0,20089.0,b46dd276b7db58dc450254331d7b75c32aff4e93694f9d4697ac2c13bf9ce39a,,data\raw\fakeddit\development_images\test\bvihhd.jpg,0,0.058929443359375,1,0.96044921875,1,0.5547653198242188,True,False,False,roberta_only_correct
angel hair american beauty,ddiymn,https://external-preview.redd.it/urincnunBEYKktclxL9xGsx_asAplH5RsGtWk55UoxY.jpg?width=320&crop=smart&auto=webp&s=998402fc12f508926601d652f4ffd0a48a642f42,0,test,fakeddit,26,4,True,True,True,True,False,320.0,319.0,42404.0,d6b1a892a58a7f302c70e314b8b74d5227fd750b0cfbd0a6dee36ef341f2ba93,,data\raw\fakeddit\development_images\test\ddiymn.jpg,0,0.082763671875,1,0.9873046875,1,0.5802612304687501,True,False,False,roberta_only_correct
this cool dude lives on the bottom of my shoe,306yhp,https://external-preview.redd.it/_nmsk_sZcpepDoQWfTcDjv13Qw-V0bU-1VhewUV5LuI.jpg?width=320&crop=smart&auto=webp&s=aed193272f97a06ac4d422ff5e117dfd46550ee3,0,test,fakeddit,45,10,True,True,True,True,False,320.0,426.0,18711.0,d1f48d55caa818d73a2176dba2158d8f8eec5886e7c11944bfae686a968cc302,,data\raw\fakeddit\development_images\test\306yhp.jpg,0,0.0148391723632812,1,0.90966796875,1,0.5069950103759766,True,False,False,roberta_only_correct
this kids book about ocean travel theres errors like this all the way through,bcnwss,https://preview.redd.it/72zd986gbzr21.jpg?width=320&crop=smart&auto=webp&s=43816c0c83be7d6c1ac65e619c18ed55337abe4f,1,test,fakeddit,77,14,True,True,True,True,False,320.0,240.0,11573.0,f7c6531c88a5ead4cff8801c5f9c00785a6c053bce522fba8fb169d2370bb98b,,data\raw\fakeddit\development_images\test\bcnwss.jpg,1,0.9931640625,0,0.0056304931640625,0,0.4500205993652344,True,False,False,roberta_only_correct
news no more year left in lists,5i64mt,https://external-preview.redd.it/GorPBRCEXTuIPh8oUviqANmqSoRON2Sv5qGg3lJwrTk.jpg?width=320&crop=smart&auto=webp&s=ef9f25862719bb6dfce6fb18bf093c568fade1b1,0,test,fakeddit,31,7,True,True,True,True,False,320.0,180.0,22535.0,bad4864d1f490dc4af03fbcc074b4df85165b4eff2782dbb7f02453efb596f2e,,data\raw\fakeddit\development_images\test\5i64mt.jpg,0,0.352294921875,1,0.919921875,1,0.66448974609375,True,False,False,roberta_only_correct
this russian armoured personnel carrier retired and repainted in a play park,8aj8j0,https://preview.redd.it/szox44m7liq01.jpg?width=320&crop=smart&auto=webp&s=fac07935432fe5000a58231add138ee45116ef08,1,test,fakeddit,76,12,True,True,True,True,False,320.0,428.0,31384.0,e454b964c5686d54a0ae5e9cc42fb85d7153392ab10c1c5887303503c350b468,,data\raw\fakeddit\development_images\test\8aj8j0.jpg,1,0.9873046875,0,0.0435791015625,0,0.468255615234375,True,False,False,roberta_only_correct
congratulations youve read enough ogn articles in a row to earn a up,ch9f24,https://external-preview.redd.it/n0ecW86WV1e7_Su2cRXGhBHL906cQNuDaLN6PK_lGKg.jpg?width=320&crop=smart&auto=webp&s=9b2db0aa22653aa65d690dcb03137533a3fc50cc,0,test,fakeddit,68,13,True,True,True,True,False,320.0,180.0,6377.0,6f186288504e6262dd515e109d5a0ec571d7d137cb2322b1df57e052384875bf,,data\raw\fakeddit\development_images\test\ch9f24.jpg,0,0.08056640625,1,0.9599609375,1,0.5642333984375001,True,False,False,roberta_only_correct
raising the flag over iwo jima,b8z5wj,https://external-preview.redd.it/Jg0YMCJVHvEqTOwGbrd1a2rZP5WrdNAI6X8ghmfA0Gc.jpg?width=320&crop=smart&auto=webp&s=4b6a10295f38a67fcc7423b77a756162ba43ea95,0,test,fakeddit,30,6,True,True,True,True,False,320.0,240.0,15954.0,5508bfc3a3697fe478f65bc04f7e3515e2f28cd6a82a49ba4a7adfd07a56e064,,data\raw\fakeddit\development_images\test\b8z5wj.jpg,0,0.087646484375,1,0.8720703125,1,0.51907958984375,True,False,False,roberta_only_correct
so i am sitting in a piece about david draiman quitting twitter,3bkz50,https://external-preview.redd.it/XX5air1ReUgdBe-T-qFHqqfZc9g4zYpgqY-8jmRLM64.jpg?width=108&crop=smart&auto=webp&s=e4e3266784ac3519416f228336752dbd872fbb4f,0,test,fakeddit,63,12,True,True,True,True,False,108.0,108.0,1485.0,eca58834780d3a73dbb3638d101ecae406adedeb5e72493c0f968de7b51d5fb4,,data\raw\fakeddit\development_images\test\3bkz50.jpg,0,0.052764892578125,1,0.92333984375,1,0.5315811157226563,True,False,False,roberta_only_correct
help university awards honorary doctorate to kim jongun,1p353b,https://external-preview.redd.it/P5A6QXFmGp_ssFxejc6K-ADnq0R-hmaxKzS1KX8ASEc.jpg?width=320&crop=smart&auto=webp&s=7d982fdfe1e1e0ab14b6fdcf3aba595342da0d45,1,test,fakeddit,55,8,True,True,True,True,False,320.0,261.0,10091.0,fed84f187f6113c8e5060c56470b70d7afeba1d69fa84f97a89997c64cb32b19,,data\raw\fakeddit\development_images\test\1p353b.jpg,1,0.96630859375,0,0.07525634765625,0,0.4762298583984375,True,False,False,roberta_only_correct
this i thought was too risque to be real until i noticed,clz1kc,https://preview.redd.it/0yzlbsrnwge31.jpg?width=320&crop=smart&auto=webp&s=e76d7f8c60572c65aba4bbcb05955174897d2832,0,test,fakeddit,56,12,True,True,True,True,False,320.0,640.0,29826.0,eeb9b02a52171cc643a39bec2972c48a632f929f14e84625dbd8a340a46423a4,,data\raw\fakeddit\development_images\test\clz1kc.jpg,0,0.33203125,1,0.76904296875,1,0.5723876953125,True,False,False,roberta_only_correct
obama really is a lizard person,comv5l9,https://watchusplaygames.files.wordpress.com/2012/10/president-obama-1st-sitting-president-early-vote-ballot.jpg,0,test,fakeddit,31,6,True,True,True,True,False,1600.0,1065.0,423614.0,dfe04f929f710e640c634e2bbf09f2017711ea22b7c19a224dd29867d2ad5e91,,data\raw\fakeddit\development_images\test\comv5l9.jpg,0,0.349853515625,1,0.97119140625,1,0.69158935546875,True,False,False,roberta_only_correct
dutch soldiers are shouting bang bang because theyve run out of bullets,3g1zqo,https://external-preview.redd.it/RCRQZa_3phJMx5-25cmujoYXpFv9iyZ6ixwxf7kLLaY.jpg?width=320&crop=smart&auto=webp&s=c37eedcb7e7a252fd70abf731e162a1c28b2000c,1,test,fakeddit,71,12,True,True,True,True,False,320.0,240.0,21554.0,d3c93cd78a7328c90ef026f9438fb446d4d1187b2c0b729e58a67740cbad6c68,,data\raw\fakeddit\development_images\test\3g1zqo.jpg,1,0.5625,0,0.1986083984375,0,0.362359619140625,True,False,False,roberta_only_correct
waitress picks up the tab for customers who were furloughedshes awesome,1o9iki,https://external-preview.redd.it/HAqfoNcGZzp6q3a2TBI9ALq-7-tAA7vXetJS1leC3vU.jpg?width=320&crop=smart&auto=webp&s=acc9eb9553f698b32f7f8d5f8815a34901933bf1,1,test,fakeddit,71,11,True,True,True,True,False,320.0,179.0,9766.0,5ed6ba4aed0a097976f30d01199d4cd09f8277e4ea4b72ec8a9b7e3dd8be0926,,data\raw\fakeddit\development_images\test\1o9iki.jpg,1,0.72412109375,0,0.2734375,0,0.4762451171875,True,False,False,roberta_only_correct
stormtrooper,2qzbs9,https://external-preview.redd.it/YooEpbCLgngrqGWzeduIfZYSDYPayKU4JUm9RWaetEA.jpg?width=320&crop=smart&auto=webp&s=1ea0f89a0096aec6b543b8efced30bcb83718286,0,test,fakeddit,12,1,True,True,True,True,False,320.0,568.0,14005.0,76adf099b04d52bab0575b3e9b5fabc518231e71b597447e817721b4fc8e0698,,data\raw\fakeddit\development_images\test\2qzbs9.jpg,0,0.095947265625,1,0.95361328125,1,0.56766357421875,True,False,False,roberta_only_correct
american supermarket during racial segregation,6tm89t,https://preview.redd.it/j479vmjdbpfz.jpg?width=320&crop=smart&auto=webp&s=6ea2017d649212140cf16264c5c60b3f063476a4,0,test,fakeddit,46,5,True,True,True,True,False,320.0,567.0,38199.0,bfec0122e9d3133f7e39e37cf57c5ac066e57a33768a0fa9ef2aa5cced574523,,data\raw\fakeddit\development_images\test\6tm89t.jpg,0,0.045379638671875,1,0.9794921875,1,0.5591415405273439,True,False,False,roberta_only_correct
lady gagas racey new photo shoot,3ytqng,https://external-preview.redd.it/-ImNEGB3KSbxMbTfsyIeuZO1gQvWR_fdZ8bQUxnT83I.jpg?width=320&crop=smart&auto=webp&s=822af4f63519e5871d25c6b03aa1fe19446091c6,0,test,fakeddit,32,6,True,True,True,True,False,320.0,240.0,24816.0,ae330d9bb057db1eeaf7e7e3fca37343ceccbe5e374602351c1eefc8bb2e4cc2,,data\raw\fakeddit\development_images\test\3ytqng.jpg,0,0.24462890625,1,0.88330078125,1,0.5958984375,True,False,False,roberta_only_correct
this dragon looks like a piece of trash,6nddo9,https://external-preview.redd.it/2uo-l7uUuZ_0g0c9UGkkJ3jYgnma4HfpuUWw4Sf8GU0.jpg?width=320&crop=smart&auto=webp&s=42a7bd0bd486167b95d6c2e5348760c6e0338886,0,test,fakeddit,39,8,True,True,True,True,False,320.0,428.0,19706.0,40ab626c02b63173bc179382069ca6c24779ce07e559c1bbc0c3e4f4883892dd,,data\raw\fakeddit\development_images\test\6nddo9.jpg,0,0.335205078125,1,0.83251953125,1,0.6087280273437501,True,False,False,roberta_only_correct
probably just me but when first saw this photo i thought the ears were arms,bjqhal,https://preview.redd.it/llbbwcz4zpv21.jpg?width=320&crop=smart&auto=webp&s=dbd7dc4442ed697a6267665efb4478b06277d1fc,0,test,fakeddit,75,15,True,True,True,True,False,320.0,568.0,59515.0,0a4fa3784ffd31de0dcb55d8866e047a165b13a83f186f7100bfc8f6cf5b3303,,data\raw\fakeddit\development_images\test\bjqhal.jpg,0,0.243408203125,1,0.97705078125,1,0.6469116210937501,True,False,False,roberta_only_correct
bryan cranston excited,1ytc1m,https://external-preview.redd.it/IzJFunJSYAONHDVKMDCH_HUvE93vJrGdAONVd-n2QvU.png?width=320&crop=smart&auto=webp&s=b09724f9f6e9470d1e9b822aaa089877402b4ab0,1,test,fakeddit,22,3,True,True,True,True,False,320.0,430.0,71873.0,95b51410a5733f677e21da20d03751c8d093bef25ac0e0f0e6a548c04e5ae3c6,,data\raw\fakeddit\development_images\test\1ytc1m.jpg,1,0.568359375,0,0.28466796875,0,0.4123291015625,True,False,False,roberta_only_correct
the rumored costly reason why universals new hagrid coaster hasnt seen the typical soft openings,bwpwcd,https://external-preview.redd.it/ducwAZFTW9QIRA3o06opTJe0GOyvd_VtRb7YEHtHnA4.jpg?width=320&crop=smart&auto=webp&s=b9f1d9136d4395090bfe9e7f3104a5d68af533e3,0,test,fakeddit,96,15,True,True,True,True,False,320.0,209.0,17244.0,5b42189dcba9c90cef7503f3063439f4347f0971e0fd0dd6917662c1598d3b11,,data\raw\fakeddit\development_images\test\bwpwcd.jpg,0,0.16064453125,1,0.92431640625,1,0.5806640625,True,False,False,roberta_only_correct
giant strawberries,c3nbn4,https://preview.redd.it/ti0et643ev531.jpg?width=320&crop=smart&auto=webp&s=6fd8ba0cedc834855ba46f4174f4cf28e5ef029e,0,test,fakeddit,18,2,True,True,True,True,False,320.0,427.0,33583.0,ed70420142164eb4c90153bf1dfcfb02bff432a7a7beb2ee564f2ed5fd8bfc05,,data\raw\fakeddit\development_images\test\c3nbn4.jpg,0,0.087646484375,1,0.9775390625,1,0.5770874023437501,True,False,False,roberta_only_correct
my mexican food came with a tiny mexican flag,cmy91o,https://preview.redd.it/w6veaqba2xe31.jpg?width=320&crop=smart&auto=webp&s=a24f239af7155f170206f93e501e0cfb377cdf94,1,test,fakeddit,45,9,True,True,True,True,False,320.0,426.0,27657.0,cbe90a2ef9870ed04b4b72a00c889173efe8e81b91b46dbba22186b62d958149,,data\raw\fakeddit\development_images\test\cmy91o.jpg,1,0.9951171875,0,0.06427001953125,0,0.4831512451171875,True,False,False,roberta_only_correct
cream cheese on my finger after a bagel,48bukd,https://external-preview.redd.it/OYqDFRgDDViw9b1kgudUiqRrpqZHEt4dWiBWE24023c.jpg?width=320&crop=smart&auto=webp&s=f0278e66197d5de3bfc56f87d0275ae70d47cbf2,0,test,fakeddit,39,8,True,True,True,True,False,320.0,426.0,13652.0,40d43f9a264ffb397858657019c5d72654304cf58b0420611346a90ca0a46f19,,data\raw\fakeddit\development_images\test\48bukd.jpg,0,0.12335205078125,1,0.865234375,1,0.5313873291015625,True,False,False,roberta_only_correct
such a happy train,96o7nv,https://external-preview.redd.it/wFqsJUvZjvLlEuqHVdNdGCG2kjbvJvWnORz46Mou0dM.jpg?width=320&crop=smart&auto=webp&s=df97496e2e9e42880a23c81d461a020a6167a4aa,0,test,fakeddit,18,4,True,True,True,True,False,320.0,426.0,19368.0,34bbfe6c12f46a9276dfbd719b96c8e8e01fd4d1c7172e1991d0a083ac2554a5,,data\raw\fakeddit\development_images\test\96o7nv.jpg,0,0.02496337890625,1,0.9013671875,1,0.5069854736328125,True,False,False,roberta_only_correct
im trusting you with my time machine,22nz8u,https://external-preview.redd.it/LX5B7pi-RAAq41kmGT86I3259VIFiba-6IOCWYq06Dg.jpg?width=320&crop=smart&auto=webp&s=8d0c6e3bd07d81d93ad94fed2c7e2538b25d2138,0,test,fakeddit,36,7,True,True,True,True,False,320.0,180.0,6736.0,d480d798936786153e46daaa12c4a112449f9f41835610d2d3ddf3c67f892a32,,data\raw\fakeddit\development_images\test\22nz8u.jpg,0,0.0165252685546875,1,0.92578125,1,0.5166160583496094,True,False,False,roberta_only_correct
this happy little spur,8m58gx,https://preview.redd.it/b9ikinyqj2011.jpg?width=320&crop=smart&auto=webp&s=36fe5acef729d54d5c97996f2623d93c69e1d7e7,0,test,fakeddit,22,4,True,True,True,True,False,320.0,568.0,22049.0,8942002f29dd53dec1fde8df45bfd919d934c1909e9c251d3924d61067bff0d4,,data\raw\fakeddit\development_images\test\8m58gx.jpg,0,0.0445556640625,1,0.95263671875,1,0.5440002441406251,True,False,False,roberta_only_correct
my sony experia go htc one m gold and samsung galaxy s,2egm5d,https://external-preview.redd.it/C1Yd_o4NXagBGf3WPgY2GLOKWHG3NL4U3vY3exQvvTw.jpg?width=320&crop=smart&auto=webp&s=b2eb73552d4bdb95b9bb7d9ab526d451b51de662,0,test,fakeddit,54,12,True,True,True,True,False,320.0,240.0,27423.0,18b12bee58caba43f14d531223bdde6bc8cdfd0916ea7759525b46c2e48d0bc6,,data\raw\fakeddit\development_images\test\2egm5d.jpg,0,0.408203125,1,0.98388671875,1,0.7248291015625,True,False,False,roberta_only_correct
richard nixon taking a shit on fallen watergate investigators just before committing impeachable offenses,dglu64,https://preview.redd.it/ikz53e7hfzr31.jpg?width=320&crop=smart&auto=webp&s=97ef85ada9d941718ed7cab93ece3eab348346a1,0,test,fakeddit,105,14,True,True,True,True,False,320.0,180.0,11976.0,c9b400658a004426c46294839dee40cd79911beb53b40cca877efc73bab18324,,data\raw\fakeddit\development_images\test\dglu64.jpg,0,0.0063743591308593,1,0.9287109375,1,0.5136594772338867,True,False,False,roberta_only_correct
dissatisfied mittens x,8dtjdv,https://external-preview.redd.it/CXBo7DPF8hpDdmoMKxB58qioMJylt3uK3umS64FU_nw.jpg?width=320&crop=smart&auto=webp&s=33e6a9d89a2199a34569a62b7bbbb06acea5fa52,0,test,fakeddit,22,3,True,True,True,True,False,320.0,426.0,32932.0,16bc119bd1ac033b20cbea0e7e2f8599960973516f9f7527fcba33ef79282241,,data\raw\fakeddit\development_images\test\8dtjdv.jpg,0,0.024749755859375,1,0.98779296875,1,0.5544235229492188,True,False,False,roberta_only_correct
socalled maga bomber expected to plead guilty,b1owjr,https://external-preview.redd.it/D_gqNF7B4xUeWzzYaor0mUYQYCPJTRFqs1qwj1Ywams.jpg?width=320&crop=smart&auto=webp&s=507d4597ed12dd8a7398e568915a36189038c36c,1,test,fakeddit,45,7,True,True,True,True,False,320.0,156.0,13376.0,1295bb52983da725eb06db9233f9bd2e2d737603f3b2561760d40d8dbab483ca,,data\raw\fakeddit\development_images\test\b1owjr.jpg,1,0.94970703125,0,0.0938720703125,0,0.478997802734375,True,False,False,roberta_only_correct
what a cheeky bag,6mmhsp,https://external-preview.redd.it/-hw4CD7jhMImE2DMjScr8LGgfhLQnXVTAIR1JBEToL4.jpg?width=320&crop=smart&auto=webp&s=1e5c5b77f8b6c78ef98d1ae920ef59318e66cbb2,0,test,fakeddit,17,4,True,True,True,True,False,320.0,240.0,15393.0,c680d5fb4457bbe4a66a1d4896040ca6229278e2c9a718548d907ea1419e4aa4,,data\raw\fakeddit\development_images\test\6mmhsp.jpg,0,0.033172607421875,1,0.9423828125,1,0.5332382202148438,True,False,False,roberta_only_correct
republicans explain why the chinese must be dealt with,8bc0gh,https://preview.redd.it/65qm5as0m5r01.jpg?width=320&crop=smart&auto=webp&s=f87ac45fce82b7cbbfd0b5775115124e42750e42,0,test,fakeddit,54,9,True,True,True,True,False,320.0,180.0,15218.0,a1bf0cd8336b66c39c097901ecd2e829f5dec7468e6acabec92b085a47f2cf4d,,data\raw\fakeddit\development_images\test\8bc0gh.jpg,0,0.039337158203125,1,0.94482421875,1,0.5373550415039062,True,False,False,roberta_only_correct
