config,seed,best_epoch,validation_macro_f1,validation_accuracy,validation_loss
bottleneck_64,42,5,0.8148543340253491,0.817533129459735,0.8539558217066143
bottleneck_64,52,8,0.8150353130776888,0.817533129459735,1.0033054713323089
bottleneck_64,62,4,0.8194410128040254,0.8221202854230377,0.7861456086025569
small_128,42,2,0.8182218258885658,0.8205912334352702,0.7450624206136612
small_128,52,2,0.8141729292065867,0.8170234454638124,0.7513241228950376
small_128,62,8,0.814900197328476,0.817533129459735,1.104750332421605
small_128_high_dropout,42,2,0.8188019111704117,0.8211009174311926,0.7501501162725365
small_128_high_dropout,52,3,0.814900197328476,0.817533129459735,0.7862838126954439
small_128_high_dropout,62,4,0.8169230006842838,0.8195718654434251,0.8473691293223553
medium_256,42,5,0.8178116277252852,0.8200815494393476,1.0128379836602557
medium_256,52,2,0.8177728852520958,0.8205912334352702,0.8095698162199403
medium_256,62,4,0.8188854012842042,0.8211009174311926,0.9543050345903021
medium_256_high_dropout,42,2,0.8177268558299767,0.8200815494393476,0.7873111465047745
medium_256_high_dropout,52,2,0.8183139224276097,0.8211009174311926,0.8029888127071291
medium_256_high_dropout,62,8,0.8193391078872015,0.8216106014271152,1.1905184202845551
two_layer_128_64,42,1,0.8267615227427534,0.8287461773700305,0.6001070199513411
two_layer_128_64,52,1,0.8256526366267332,0.8277268093781855,0.6125738065420184
two_layer_128_64,62,1,0.8260291853687428,0.8282364933741081,0.5618649112339779
two_layer_256_64,42,1,0.8234274346343312,0.8256880733944955,0.6342208977260843
two_layer_256_64,52,1,0.8221387370977535,0.8246687054026504,0.6550892689298539
two_layer_256_64,62,1,0.8181787546651614,0.8205912334352702,0.6618101889083388
large_512_128,42,1,0.8224361517519923,0.8246687054026504,0.929298455926621
large_512_128,52,2,0.8185698644729833,0.8216106014271152,1.1203851963523452
large_512_128,62,6,0.8236680592237824,0.8261977573904179,2.0598217203954916
