final_id,development_id,hamming_distance,final_path,development_path,final_phash,development_phash
1f7ss5,22gc0g,0,F:\data sci\project\multimodal-fake-news-detection\data\raw\fakeddit\final_holdout_images\1f7ss5.jpg,F:\data sci\project\multimodal-fake-news-detection\data\raw\fakeddit\development_images\validation\22gc0g.jpg,87c330e535da6b0d,87c330e535da6b0d
1nyf1b,1nv0il,0,F:\data sci\project\multimodal-fake-news-detection\data\raw\fakeddit\final_holdout_images\1nyf1b.jpg,F:\data sci\project\multimodal-fake-news-detection\data\raw\fakeddit\development_images\test\1nv0il.jpg,ee4743131e3e36a1,ee4743131e3e36a1
1utjen,5q44vv,0,F:\data sci\project\multimodal-fake-news-detection\data\raw\fakeddit\final_holdout_images\1utjen.jpg,F:\data sci\project\multimodal-fake-news-detection\data\raw\fakeddit\development_images\train\5q44vv.jpg,d2342fca70c3ce9c,d2342fca70c3ce9c
1utjen,5z7g98,0,F:\data sci\project\multimodal-fake-news-detection\data\raw\fakeddit\final_holdout_images\1utjen.jpg,F:\data sci\project\multimodal-fake-news-detection\data\raw\fakeddit\development_images\train\5z7g98.jpg,d2342fca70c3ce9c,d2342fca70c3ce9c
1utjen,3gzmch,0,F:\data sci\project\multimodal-fake-news-detection\data\raw\fakeddit\final_holdout_images\1utjen.jpg,F:\data sci\project\multimodal-fake-news-detection\data\raw\fakeddit\development_images\test\3gzmch.jpg,d2342fca70c3ce9c,d2342fca70c3ce9c
2mzoha,azf49b,0,F:\data sci\project\multimodal-fake-news-detection\data\raw\fakeddit\final_holdout_images\2mzoha.jpg,F:\data sci\project\multimodal-fake-news-detection\data\raw\fakeddit\development_images\train\azf49b.jpg,efc5903ab2644d8d,efc5903ab2644d8d
3pi4te,5wpg4c,0,F:\data sci\project\multimodal-fake-news-detection\data\raw\fakeddit\final_holdout_images\3pi4te.jpg,F:\data sci\project\multimodal-fake-news-detection\data\raw\fakeddit\development_images\train\5wpg4c.jpg,9209ab3e3cd86aa7,9209ab3e3cd86aa7
4naxwc,51qjm4,0,F:\data sci\project\multimodal-fake-news-detection\data\raw\fakeddit\final_holdout_images\4naxwc.jpg,F:\data sci\project\multimodal-fake-news-detection\data\raw\fakeddit\development_images\train\51qjm4.jpg,8000000000000000,8000000000000000
4naxwc,7uv14s,0,F:\data sci\project\multimodal-fake-news-detection\data\raw\fakeddit\final_holdout_images\4naxwc.jpg,F:\data sci\project\multimodal-fake-news-detection\data\raw\fakeddit\development_images\train\7uv14s.jpg,8000000000000000,8000000000000000
4naxwc,cw2u0g,0,F:\data sci\project\multimodal-fake-news-detection\data\raw\fakeddit\final_holdout_images\4naxwc.jpg,F:\data sci\project\multimodal-fake-news-detection\data\raw\fakeddit\development_images\train\cw2u0g.jpg,8000000000000000,8000000000000000
4naxwc,chab3g,0,F:\data sci\project\multimodal-fake-news-detection\data\raw\fakeddit\final_holdout_images\4naxwc.jpg,F:\data sci\project\multimodal-fake-news-detection\data\raw\fakeddit\development_images\train\chab3g.jpg,8000000000000000,8000000000000000
4naxwc,cyt4eo,0,F:\data sci\project\multimodal-fake-news-detection\data\raw\fakeddit\final_holdout_images\4naxwc.jpg,F:\data sci\project\multimodal-fake-news-detection\data\raw\fakeddit\development_images\test\cyt4eo.jpg,8000000000000000,8000000000000000
4naxwc,8my9h0,0,F:\data sci\project\multimodal-fake-news-detection\data\raw\fakeddit\final_holdout_images\4naxwc.jpg,F:\data sci\project\multimodal-fake-news-detection\data\raw\fakeddit\development_images\test\8my9h0.jpg,8000000000000000,8000000000000000
4snxdo,25dl0y,0,F:\data sci\project\multimodal-fake-news-detection\data\raw\fakeddit\final_holdout_images\4snxdo.jpg,F:\data sci\project\multimodal-fake-news-detection\data\raw\fakeddit\development_images\train\25dl0y.jpg,b682f2309e26e71e,b682f2309e26e71e
4wwwx1,4icuhx,0,F:\data sci\project\multimodal-fake-news-detection\data\raw\fakeddit\final_holdout_images\4wwwx1.jpg,F:\data sci\project\multimodal-fake-news-detection\data\raw\fakeddit\development_images\validation\4icuhx.jpg,c0c0c060ecfeeef9,c0c0c060ecfeeef9
50njnc,552nde,0,F:\data sci\project\multimodal-fake-news-detection\data\raw\fakeddit\final_holdout_images\50njnc.jpg,F:\data sci\project\multimodal-fake-news-detection\data\raw\fakeddit\development_images\validation\552nde.jpg,d03f2fd03b2fc0b0,d03f2fd03b2fc0b0
5htie8,75ccj4,0,F:\data sci\project\multimodal-fake-news-detection\data\raw\fakeddit\final_holdout_images\5htie8.jpg,F:\data sci\project\multimodal-fake-news-detection\data\raw\fakeddit\development_images\train\75ccj4.jpg,f25a78b255f46289,f25a78b255f46289
6xep1b,9ewm59,0,F:\data sci\project\multimodal-fake-news-detection\data\raw\fakeddit\final_holdout_images\6xep1b.jpg,F:\data sci\project\multimodal-fake-news-detection\data\raw\fakeddit\development_images\train\9ewm59.jpg,d40f0fe7941f5813,d40f0fe7941f5813
7ce3a4,888xos,0,F:\data sci\project\multimodal-fake-news-detection\data\raw\fakeddit\final_holdout_images\7ce3a4.jpg,F:\data sci\project\multimodal-fake-news-detection\data\raw\fakeddit\development_images\train\888xos.jpg,a06b5ada5a7c6616,a06b5ada5a7c6616
7frcnd,2zgjms,0,F:\data sci\project\multimodal-fake-news-detection\data\raw\fakeddit\final_holdout_images\7frcnd.jpg,F:\data sci\project\multimodal-fake-news-detection\data\raw\fakeddit\development_images\train\2zgjms.jpg,d44cec707237d613,d44cec707237d613
8qb6mb,b2o9t5,0,F:\data sci\project\multimodal-fake-news-detection\data\raw\fakeddit\final_holdout_images\8qb6mb.jpg,F:\data sci\project\multimodal-fake-news-detection\data\raw\fakeddit\development_images\train\b2o9t5.jpg,ebf0f1f1070730f0,ebf0f1f1070730f0
8qb6mb,9a3elw,0,F:\data sci\project\multimodal-fake-news-detection\data\raw\fakeddit\final_holdout_images\8qb6mb.jpg,F:\data sci\project\multimodal-fake-news-detection\data\raw\fakeddit\development_images\train\9a3elw.jpg,ebf0f1f1070730f0,ebf0f1f1070730f0
9c8qgx,1vqo8e,0,F:\data sci\project\multimodal-fake-news-detection\data\raw\fakeddit\final_holdout_images\9c8qgx.jpg,F:\data sci\project\multimodal-fake-news-detection\data\raw\fakeddit\development_images\train\1vqo8e.jpg,9d21fc5ca119e27a,9d21fc5ca119e27a
9k1n6d,9k2a2x,0,F:\data sci\project\multimodal-fake-news-detection\data\raw\fakeddit\final_holdout_images\9k1n6d.jpg,F:\data sci\project\multimodal-fake-news-detection\data\raw\fakeddit\development_images\train\9k2a2x.jpg,a1d11e8868e69fd9,a1d11e8868e69fd9
dj9mc6,dj9srg,0,F:\data sci\project\multimodal-fake-news-detection\data\raw\fakeddit\final_holdout_images\dj9mc6.jpg,F:\data sci\project\multimodal-fake-news-detection\data\raw\fakeddit\development_images\train\dj9srg.jpg,e84a9667fda4a486,e84a9667fda4a486
4naxwc,xmlgw,1,F:\data sci\project\multimodal-fake-news-detection\data\raw\fakeddit\final_holdout_images\4naxwc.jpg,F:\data sci\project\multimodal-fake-news-detection\data\raw\fakeddit\development_images\train\xmlgw.jpg,8000000000000000,0000000000000000
19odkq,5ms7bq,2,F:\data sci\project\multimodal-fake-news-detection\data\raw\fakeddit\final_holdout_images\19odkq.jpg,F:\data sci\project\multimodal-fake-news-detection\data\raw\fakeddit\development_images\test\5ms7bq.jpg,dfa60c2e3e76f080,dfa68c2e3e76f000
275jyj,2xriiz,2,F:\data sci\project\multimodal-fake-news-detection\data\raw\fakeddit\final_holdout_images\275jyj.jpg,F:\data sci\project\multimodal-fake-news-detection\data\raw\fakeddit\development_images\train\2xriiz.jpg,96c03ffe6089271d,94c03ffe6289271d
487gko,4j4fh5,2,F:\data sci\project\multimodal-fake-news-detection\data\raw\fakeddit\final_holdout_images\487gko.jpg,F:\data sci\project\multimodal-fake-news-detection\data\raw\fakeddit\development_images\train\4j4fh5.jpg,c185e1ac85f99a9e,c185e1ac85f8da9e
68c8ve,7n1m19,2,F:\data sci\project\multimodal-fake-news-detection\data\raw\fakeddit\final_holdout_images\68c8ve.jpg,F:\data sci\project\multimodal-fake-news-detection\data\raw\fakeddit\development_images\train\7n1m19.jpg,ee99b6259866891e,ee99b6279866891a
awr84w,7xsszo,2,F:\data sci\project\multimodal-fake-news-detection\data\raw\fakeddit\final_holdout_images\awr84w.jpg,F:\data sci\project\multimodal-fake-news-detection\data\raw\fakeddit\development_images\train\7xsszo.jpg,cccc3133cecc7133,cecc3133cecc7033
1uw1z7,1cz4eg,4,F:\data sci\project\multimodal-fake-news-detection\data\raw\fakeddit\final_holdout_images\1uw1z7.jpg,F:\data sci\project\multimodal-fake-news-detection\data\raw\fakeddit\development_images\train\1cz4eg.jpg,ee2691906e663b39,ee2e91916e463339
1uw1z7,1q4pb6,4,F:\data sci\project\multimodal-fake-news-detection\data\raw\fakeddit\final_holdout_images\1uw1z7.jpg,F:\data sci\project\multimodal-fake-news-detection\data\raw\fakeddit\development_images\train\1q4pb6.jpg,ee2691906e663b39,ee2691996e463939
1uw1z7,2b42km,4,F:\data sci\project\multimodal-fake-news-detection\data\raw\fakeddit\final_holdout_images\1uw1z7.jpg,F:\data sci\project\multimodal-fake-news-detection\data\raw\fakeddit\development_images\train\2b42km.jpg,ee2691906e663b39,ee2c91916e663939
7o0fuu,5jfxel,4,F:\data sci\project\multimodal-fake-news-detection\data\raw\fakeddit\final_holdout_images\7o0fuu.jpg,F:\data sci\project\multimodal-fake-news-detection\data\raw\fakeddit\development_images\test\5jfxel.jpg,98868e8f2d9cf43c,98869e8e2dbcf438
8zrrwd,911fgo,4,F:\data sci\project\multimodal-fake-news-detection\data\raw\fakeddit\final_holdout_images\8zrrwd.jpg,F:\data sci\project\multimodal-fake-news-detection\data\raw\fakeddit\development_images\train\911fgo.jpg,e674f39b8de42411,a674f39b0df46411
93f08s,3p9nep,4,F:\data sci\project\multimodal-fake-news-detection\data\raw\fakeddit\final_holdout_images\93f08s.jpg,F:\data sci\project\multimodal-fake-news-detection\data\raw\fakeddit\development_images\train\3p9nep.jpg,ba3f01e0f431e707,ba3fc0e0f411e707
9h7hxv,8zkvap,4,F:\data sci\project\multimodal-fake-news-detection\data\raw\fakeddit\final_holdout_images\9h7hxv.jpg,F:\data sci\project\multimodal-fake-news-detection\data\raw\fakeddit\development_images\train\8zkvap.jpg,e686999966669999,e692d99966269999
b1zamz,4esm4m,4,F:\data sci\project\multimodal-fake-news-detection\data\raw\fakeddit\final_holdout_images\b1zamz.jpg,F:\data sci\project\multimodal-fake-news-detection\data\raw\fakeddit\development_images\train\4esm4m.jpg,afc9d2949f21e053,afc972949f20e057
191lxt,8h7ms7,6,F:\data sci\project\multimodal-fake-news-detection\data\raw\fakeddit\final_holdout_images\191lxt.jpg,F:\data sci\project\multimodal-fake-news-detection\data\raw\fakeddit\development_images\train\8h7ms7.jpg,ae06d1f92e06c1f9,ee0291f93e02c1fd
1uw1z7,276cfw,6,F:\data sci\project\multimodal-fake-news-detection\data\raw\fakeddit\final_holdout_images\1uw1z7.jpg,F:\data sci\project\multimodal-fake-news-detection\data\raw\fakeddit\development_images\train\276cfw.jpg,ee2691906e663b39,ee6e91916e663138
5yttgz,1zhdr2,6,F:\data sci\project\multimodal-fake-news-detection\data\raw\fakeddit\final_holdout_images\5yttgz.jpg,F:\data sci\project\multimodal-fake-news-detection\data\raw\fakeddit\development_images\train\1zhdr2.jpg,df805a673093cf4c,ff806a653093ce6c
6bziyx,3p9nep,6,F:\data sci\project\multimodal-fake-news-detection\data\raw\fakeddit\final_holdout_images\6bziyx.jpg,F:\data sci\project\multimodal-fake-news-detection\data\raw\fakeddit\development_images\train\3p9nep.jpg,ba3b91e0f413c707,ba3fc0e0f411e707
9h7hxv,21m0b9,6,F:\data sci\project\multimodal-fake-news-detection\data\raw\fakeddit\final_holdout_images\9h7hxv.jpg,F:\data sci\project\multimodal-fake-news-detection\data\raw\fakeddit\development_images\train\21m0b9.jpg,e686999966669999,e68659592666d999
9hk3w2,9gfjwz,6,F:\data sci\project\multimodal-fake-news-detection\data\raw\fakeddit\final_holdout_images\9hk3w2.jpg,F:\data sci\project\multimodal-fake-news-detection\data\raw\fakeddit\development_images\train\9gfjwz.jpg,cf3136cc99c6389c,cf3134cc99c73839
