threshold,tuning_half_macro_f1
0.05,0.35966057441253263
0.055,0.3698186841025889
0.06,0.39208401630513123
0.065,0.4064933898786611
0.07,0.4251939196115065
0.075,0.4343337269007935
0.08,0.4500051488003295
0.08499999999999999,0.4652815630198563
0.09,0.4732034412955466
0.095,0.4851397347997077
0.09999999999999999,0.4913293034605146
0.105,0.5115129958960328
0.10999999999999999,0.5379378828644468
0.11499999999999999,0.5535362116569071
0.12,0.5785803557870883
0.12499999999999999,0.6043102656005881
0.13,0.6289959630454695
0.135,0.6454415827466358
0.13999999999999999,0.6523125996810207
0.145,0.6609568036449662
0.14999999999999997,0.6657588996607352
0.15499999999999997,0.6701885246395498
0.15999999999999998,0.6780570886512591
0.16499999999999998,0.6843629343629343
0.16999999999999998,0.6915823562783661
0.175,0.6985855803358585
0.18,0.7041284403669725
0.185,0.7055000379635199
0.19,0.7086739251196899
0.195,0.7104647920055776
0.19999999999999996,0.7085409882117923
0.20499999999999996,0.712562292358804
0.20999999999999996,0.7156312403949681
0.21499999999999997,0.7182821933669672
0.21999999999999997,0.7209231898687711
0.22499999999999998,0.7239313071410922
0.22999999999999998,0.7298689181193392
0.235,0.7318592953425465
0.24,0.736982740188764
0.245,0.7408020487064605
0.24999999999999994,0.7446017908563765
0.25499999999999995,0.747124250177571
0.25999999999999995,0.7508921348314607
0.26499999999999996,0.7514885622819839
0.26999999999999996,0.7564613526570048
0.27499999999999997,0.7555067777875879
0.27999999999999997,0.7557895371384364
0.285,0.7607170502703695
0.29,0.7634334636127136
0.295,0.7670898827539074
0.3,0.7697672564960943
0.30499999999999994,0.7688053843949472
0.30999999999999994,0.7680902302151915
0.31499999999999995,0.7717006832733149
0.31999999999999995,0.7764901154273298
0.32499999999999996,0.7781303248019393
0.32999999999999996,0.7771641144098718
0.33499999999999996,0.7795348531273809
0.33999999999999997,0.7776014509181591
0.3449999999999999,0.780173954485881
0.3499999999999999,0.7803823283699445
0.3549999999999999,0.7796207600502513
0.35999999999999993,0.7819619977338098
0.36499999999999994,0.7821613619541081
0.36999999999999994,0.7833275486700533
0.37499999999999994,0.78235846840498
0.37999999999999995,0.7835225697747099
0.38499999999999995,0.7837153609305508
0.38999999999999996,0.7873769994364732
0.39499999999999996,0.7856169185231344
0.3999999999999999,0.7890657668258244
0.4049999999999999,0.7880934894370761
0.4099999999999999,0.7894116289129541
0.4149999999999999,0.7918621870641516
0.41999999999999993,0.791052065404475
0.42499999999999993,0.7921880594992693
0.42999999999999994,0.7934807826154203
0.43499999999999994,0.7934807826154203
0.43999999999999995,0.7947665717182446
0.44499999999999995,0.7937908608885151
0.4499999999999999,0.7952174038711667
0.4549999999999999,0.794241025948343
0.4599999999999999,0.7976054689379078
0.4649999999999999,0.7998423274013826
0.4699999999999999,0.7999799308468222
0.4749999999999999,0.8034520683422569
0.4799999999999999,0.8026003532579475
0.48499999999999993,0.8016199071905998
0.48999999999999994,0.8017465112321307
0.49499999999999994,0.7997857033522118
0.49999999999999994,0.7979492776395247
0.5049999999999999,0.7980710466004584
0.5099999999999999,0.7992901643880053
0.5149999999999999,0.7983090149132253
0.5199999999999999,0.7963471364294974
0.5249999999999999,0.7963471364294974
0.5299999999999999,0.7974438932449532
0.5349999999999999,0.796462687578334
0.5399999999999999,0.7965763859500634
0.5449999999999999,0.7946136277122193
0.5499999999999999,0.7946136277122193
0.5549999999999999,0.7947247609465755
0.5599999999999999,0.79690642375488
0.565,0.8003736674128066
0.57,0.8025397695238197
0.575,0.8016495505438125
0.58,0.7986921487885961
0.585,0.7967207217441519
0.59,0.7989637904670825
0.595,0.7990507974624905
0.6,0.7991360419000778
0.605,0.8002078609221467
0.61,0.7983124522728607
0.615,0.8004491922089687
0.62,0.8025825926547041
0.625,0.8036480585500193
0.63,0.8017382836020168
0.635,0.8028008576789065
0.6399999999999999,0.804923639834553
0.6449999999999999,0.8029378531073446
0.6499999999999999,0.7999585894045345
0.6549999999999999,0.798965321110126
0.6599999999999999,0.8021360978591994
0.6649999999999999,0.8012012702126771
0.6699999999999999,0.802312117000805
0.6749999999999999,0.8024210421960523
0.6799999999999999,0.8034708136128015
0.6849999999999999,0.8045696477015649
0.69,0.8036642010724084
0.695,0.8027076340817605
0.7,0.8007852162729303
0.705,0.7987797069005909
0.71,0.7998192630597014
0.715,0.7998542698921598
0.72,0.7999192501082215
0.725,0.7969018055461634
0.73,0.7948887850982538
0.735,0.7928745939772908
0.74,0.7898510032943995
0.7449999999999999,0.7878548436733234
0.7499999999999999,0.7838128898128898
0.7549999999999999,0.785882661079099
0.7599999999999999,0.7869086902974023
0.7649999999999999,0.7910156635633281
0.7699999999999999,0.7899995012012736
0.7749999999999999,0.7900082298368996
0.7799999999999999,0.7869520897043832
0.7849999999999999,0.7818495826821401
0.7899999999999999,0.781836887392443
0.7949999999999999,0.7828303877193621
0.7999999999999999,0.7776943866943867
0.8049999999999999,0.7725211477770788
0.8099999999999999,0.7683569861557393
0.815,0.7641721397373551
0.82,0.7630513726012793
0.825,0.7598736325030702
0.83,0.7546354965650637
0.835,0.7523554201785863
0.84,0.7501085740057127
0.845,0.7489767207228284
0.8499999999999999,0.7466142132457436
0.8549999999999999,0.7401025168461671
0.8599999999999999,0.7366752227087423
0.8649999999999999,0.7311513176201041
0.8699999999999999,0.7276467223044825
0.8749999999999999,0.7176270010554207
0.8799999999999999,0.706522463019714
0.8849999999999999,0.6939839572192513
0.8899999999999999,0.6858248187763936
0.8949999999999999,0.671764309728317
0.8999999999999999,0.6616430834757923
0.9049999999999999,0.643701519383599
0.9099999999999999,0.6342277903089926
0.9149999999999999,0.5985827179829375
0.9199999999999999,0.5842445570653862
0.9249999999999999,0.5327932731747334
0.9299999999999999,0.4916074379539687
0.9349999999999999,0.44588159588159587
0.94,0.3849241885794459
0.945,0.32474893792440085
0.95,0.30474840538625086
