domain,total,retained,retention_rate,removed
i.redd.it,8004,6995,0.8739380309845077,1009
,7828,163,0.02082268778742974,7665
i.imgur.com,3474,3353,0.9651698330454808,121
imgur.com,1374,1356,0.9868995633187773,18
i.reddituploads.com,175,162,0.9257142857142857,13
theonion.com,163,163,1.0,0
archive.is,146,145,0.9931506849315068,1
clickhole.com,123,123,1.0,0
washingtonpost.com,116,111,0.9568965517241379,5
theguardian.com,112,112,1.0,0
web.archive.org,106,105,0.9905660377358491,1
youtube.com,100,98,0.98,2
reuters.com,99,73,0.7373737373737373,26
bbc.co.uk,76,76,1.0,0
bbc.com,72,72,1.0,0
cnn.com,71,71,1.0,0
nytimes.com,59,55,0.9322033898305084,4
cbc.ca,56,56,1.0,0
v.redd.it,55,50,0.9090909090909091,5
foxnews.com,48,45,0.9375,3
independent.co.uk,47,45,0.9574468085106383,2
gfycat.com,45,45,1.0,0
upload.wikimedia.org,43,43,1.0,0
npr.org,42,40,0.9523809523809523,2
abcnews.go.com,41,41,1.0,0
flickr.com,40,40,1.0,0
nbcnews.com,40,40,1.0,0
youtu.be,39,39,1.0,0
cbsnews.com,34,34,1.0,0
thehill.com,34,34,1.0,0
yahoo.com,33,31,0.9393939393939394,2
abc.net.au,31,31,1.0,0
latimes.com,31,31,1.0,0
usatoday.com,31,31,1.0,0
nydailynews.com,30,30,1.0,0
telegraph.co.uk,29,27,0.9310344827586207,2
news.yahoo.com,27,25,0.9259259259259259,2
dailymail.co.uk,27,27,1.0,0
huffingtonpost.com,25,17,0.68,8
bloomberg.com,24,20,0.8333333333333334,4
self.SubredditSimulator,24,23,0.9583333333333334,1
time.com,21,20,0.9523809523809523,1
globalnews.ca,21,21,1.0,0
cnbc.com,20,19,0.95,1
edition.cnn.com,19,18,0.9473684210526315,1
reddit.com,18,18,1.0,0
slate.com,18,18,1.0,0
upi.com,18,18,1.0,0
m.imgur.com,17,16,0.9411764705882353,1
politico.com,17,16,0.9411764705882353,1
metro.co.uk,17,17,1.0,0
nypost.com,17,17,1.0,0
streamable.com,17,17,1.0,0
local.theonion.com,16,16,1.0,0
politics.theonion.com,16,16,1.0,0
today.com,16,16,1.0,0
news.com.au,15,14,0.9333333333333333,1
nj.com,14,14,1.0,0
waterfordwhispersnews.com,14,14,1.0,0
businessinsider.com,13,11,0.8461538461538461,2
marketwatch.com,13,11,0.8461538461538461,2
apnews.com,13,13,1.0,0
economist.com,13,13,1.0,0
arstechnica.com,12,12,1.0,0
i.redditmedia.com,12,12,1.0,0
washingtontimes.com,12,12,1.0,0
medium.com,11,11,1.0,0
money.cnn.com,11,11,1.0,0
msn.com,11,11,1.0,0
rawstory.com,11,11,1.0,0
theverge.com,11,11,1.0,0
gma.yahoo.com,10,9,0.9,1
c2.staticflickr.com,10,10,1.0,0
ksl.com,10,10,1.0,0
newsweek.com,10,10,1.0,0
nymag.com,10,10,1.0,0
pbs.twimg.com,10,10,1.0,0
qz.com,10,10,1.0,0
techdirt.com,10,10,1.0,0
theatlantic.com,10,10,1.0,0
twitter.com,10,10,1.0,0
vox.com,10,10,1.0,0
6abc.com,9,9,1.0,0
c1.staticflickr.com,9,9,1.0,0
inquisitr.com,9,9,1.0,0
smh.com.au,9,9,1.0,0
thestar.com,9,9,1.0,0
9news.com.au,8,8,1.0,0
al.com,8,8,1.0,0
ctvnews.ca,8,8,1.0,0
en.wikipedia.org,8,8,1.0,0
hindustantimes.com,8,8,1.0,0
mail.com,8,8,1.0,0
miamiherald.com,8,8,1.0,0
msnbc.com,8,8,1.0,0
thedailybeast.com,8,8,1.0,0
archive.fo,7,7,1.0,0
forbes.com,7,7,1.0,0
ibtimes.co.uk,7,7,1.0,0
independent.ie,7,7,1.0,0
khou.com,7,7,1.0,0
mlive.com,7,7,1.0,0
newsfeed.time.com,7,7,1.0,0
people.com,7,7,1.0,0
salon.com,7,7,1.0,0
self.photoshopbattles,7,7,1.0,0
sfgate.com,7,7,1.0,0
straitstimes.com,7,7,1.0,0
theage.com.au,7,7,1.0,0
thedailymash.co.uk,7,7,1.0,0
in.reuters.com,6,4,0.6666666666666666,2
gothamist.com,6,5,0.8333333333333334,1
ndtv.com,6,5,0.8333333333333334,1
ajc.com,6,6,1.0,0
archive.today,6,6,1.0,0
breitbart.com,6,6,1.0,0
chicagotribune.com,6,6,1.0,0
denver.cbslocal.com,6,6,1.0,0
farm1.staticflickr.com,6,6,1.0,0
ftw.usatoday.com,6,6,1.0,0
goodnewsnetwork.org,6,6,1.0,0
i.sli.mg,6,6,1.0,0
jsonline.com,6,6,1.0,0
motherjones.com,6,6,1.0,0
nbcnewyork.com,6,6,1.0,0
news.nationalgeographic.com,6,6,1.0,0
sanfrancisco.cbslocal.com,6,6,1.0,0
self.savedyouaclick,6,6,1.0,0
startribune.com,6,6,1.0,0
stltoday.com,6,6,1.0,0
tampabay.com,6,6,1.0,0
washingtonexaminer.com,6,6,1.0,0
wreg.com,6,6,1.0,0
sports.yahoo.com,5,3,0.6,2
41.media.tumblr.com,5,5,1.0,0
aljazeera.com,5,5,1.0,0
avclub.com,5,5,1.0,0
boston.com,5,5,1.0,0
dnainfo.com,5,5,1.0,0
entertainment.theonion.com,5,5,1.0,0
espn.go.com,5,5,1.0,0
finance.yahoo.com,5,5,1.0,0
france24.com,5,5,1.0,0
heraldsun.com.au,5,5,1.0,0
kansascity.com,5,5,1.0,0
mediaite.com,5,5,1.0,0
myfox8.com,5,5,1.0,0
nbc4i.com,5,5,1.0,0
self.fakealbumcovers,5,5,1.0,0
shanghaiist.com,5,5,1.0,0
souciant.com,5,5,1.0,0
syracuse.com,5,5,1.0,0
theintercept.com,5,5,1.0,0
themoscowtimes.com,5,5,1.0,0
theregister.co.uk,5,5,1.0,0
thewire.com,5,5,1.0,0
timesofisrael.com,5,5,1.0,0
unvis.it,5,5,1.0,0
usnews.com,5,5,1.0,0
walesonline.co.uk,5,5,1.0,0
wcvb.com,5,5,1.0,0
wgntv.com,5,5,1.0,0
wsj.com,5,5,1.0,0
shine.yahoo.com,4,0,0.0,4
self.SubSimulatorGPT2,4,1,0.25,3
theglobeandmail.com,4,3,0.75,1
abc13.com,4,4,1.0,0
abc7.com,4,4,1.0,0
abc7ny.com,4,4,1.0,0
boston.cbslocal.com,4,4,1.0,0
bostonglobe.com,4,4,1.0,0
cdn.theatlantic.com,4,4,1.0,0
dailycaller.com,4,4,1.0,0
deseretnews.com,4,4,1.0,0
engadget.com,4,4,1.0,0
english.alarabiya.net,4,4,1.0,0
espn.com,4,4,1.0,0
farm8.staticflickr.com,4,4,1.0,0
fivethirtyeight.com,4,4,1.0,0
fox5sandiego.com,4,4,1.0,0
freethink.com,4,4,1.0,0
hurriyetdailynews.com,4,4,1.0,0
i.huffpost.com,4,4,1.0,0
i.pinimg.com,4,4,1.0,0
insideedition.com,4,4,1.0,0
itv.com,4,4,1.0,0
jpost.com,4,4,1.0,0
ktla.com,4,4,1.0,0
mashable.com,4,4,1.0,0
mirror.co.uk,4,4,1.0,0
nasa.gov,4,4,1.0,0
nationalreport.net,4,4,1.0,0
nbcchicago.com,4,4,1.0,0
nbcconnecticut.com,4,4,1.0,0
nbclosangeles.com,4,4,1.0,0
news.clickhole.com,4,4,1.0,0
nzherald.co.nz,4,4,1.0,0
oregonlive.com,4,4,1.0,0
philly.com,4,4,1.0,0
pix11.com,4,4,1.0,0
reason.com,4,4,1.0,0
rollingstone.com,4,4,1.0,0
s-media-cache-ak0.pinimg.com,4,4,1.0,0
seattletimes.com,4,4,1.0,0
si.com,4,4,1.0,0
sports.theonion.com,4,4,1.0,0
stubhillnews.com,4,4,1.0,0
thehindu.com,4,4,1.0,0
thestar.com.my,4,4,1.0,0
thinkprogress.org,4,4,1.0,0
timesofmalta.com,4,4,1.0,0
vancouversun.com,4,4,1.0,0
vice.com,4,4,1.0,0
weburbanist.com,4,4,1.0,0
japantimes.co.jp,3,0,0.0,3
farm9.staticflickr.com,3,2,0.6666666666666666,1
24.media.tumblr.com,3,3,1.0,0
25.media.tumblr.com,3,3,1.0,0
abc7chicago.com,3,3,1.0,0
abc7news.com,3,3,1.0,0
abcactionnews.com,3,3,1.0,0
actionnewsjax.com,3,3,1.0,0
au.news.yahoo.com,3,3,1.0,0
azcentral.com,3,3,1.0,0
bgr.com,3,3,1.0,0
bigstory.ap.org,3,3,1.0,0
blogs.seattletimes.com,3,3,1.0,0
bottomfeedernewsblog.wordpress.com,3,3,1.0,0
buzzfeed.com,3,3,1.0,0
charlotteobserver.com,3,3,1.0,0
chicago.cbslocal.com,3,3,1.0,0
chinadaily.com.cn,3,3,1.0,0
chron.com,3,3,1.0,0
cnews.canoe.ca,3,3,1.0,0
courant.com,3,3,1.0,0
courthousenews.com,3,3,1.0,0
denverpost.com,3,3,1.0,0
detroitnews.com,3,3,1.0,0
drscdn.500px.org,3,3,1.0,0
dw.com,3,3,1.0,0
esquire.com,3,3,1.0,0
ew.com,3,3,1.0,0
freep.com,3,3,1.0,0
haaretz.com,3,3,1.0,0
halfwaypost.com,3,3,1.0,0
iflscience.com,3,3,1.0,0
indystar.com,3,3,1.0,0
inforum.com,3,3,1.0,0
instagram.com,3,3,1.0,0
live.staticflickr.com,3,3,1.0,0
local10.com,3,3,1.0,0
manchestereveningnews.co.uk,3,3,1.0,0
media.giphy.com,3,3,1.0,0
media1.tenor.com,3,3,1.0,0
metronews.ca,3,3,1.0,0
nature.com,3,3,1.0,0
nbcwashington.com,3,3,1.0,0
news.discovery.com,3,3,1.0,0
news.msn.com,3,3,1.0,0
news.sky.com,3,3,1.0,0
news4jax.com,3,3,1.0,0
newser.com,3,3,1.0,0
newsok.com,3,3,1.0,0
ottawacitizen.com,3,3,1.0,0
palmbeachpost.com,3,3,1.0,0
patch.com,3,3,1.0,0
pcgamer.com,3,3,1.0,0
phys.org,3,3,1.0,0
politifact.com,3,3,1.0,0
popsci.com,3,3,1.0,0
pressherald.com,3,3,1.0,0
q13fox.com,3,3,1.0,0
resistancehole.clickhole.com,3,3,1.0,0
sbnation.com,3,3,1.0,0
sciencealert.com,3,3,1.0,0
scientificamerican.com,3,3,1.0,0
scmp.com,3,3,1.0,0
smithsonianmag.com,3,3,1.0,0
standard.co.uk,3,3,1.0,0
statnews.com,3,3,1.0,0
stuff.co.nz,3,3,1.0,0
techcrunch.com,3,3,1.0,0
techtimes.com,3,3,1.0,0
thecollegefix.com,3,3,1.0,0
thesaltedpretzel.com,3,3,1.0,0
timescolonist.com,3,3,1.0,0
unv.is,3,3,1.0,0
vimeo.com,3,3,1.0,0
voanews.com,3,3,1.0,0
vocativ.com,3,3,1.0,0
wjla.com,3,3,1.0,0
wnep.com,3,3,1.0,0
giphy.com,2,1,0.5,1
hosted2.ap.org,2,1,0.5,1
japantoday.com,2,1,0.5,1
mobile.reuters.com,2,1,0.5,1
propublica.org,2,1,0.5,1
1.bp.blogspot.com,2,2,1.0,0
2.bp.blogspot.com,2,2,1.0,0
31.media.tumblr.com,2,2,1.0,0
7news.com.au,2,2,1.0,0
7online.com,2,2,1.0,0
abc15.com,2,2,1.0,0
abclocal.go.com,2,2,1.0,0
activatenow.us,2,2,1.0,0
alternet.org,2,2,1.0,0
answers.com,2,2,1.0,0
app.com,2,2,1.0,0
axios.com,2,2,1.0,0
baltimoresun.com,2,2,1.0,0
bangordailynews.com,2,2,1.0,0
billboard.com,2,2,1.0,0
bleacherreport.com,2,2,1.0,0
blog.sfgate.com,2,2,1.0,0
bostonherald.com,2,2,1.0,0
breakingburgh.com,2,2,1.0,0
brisbanetimes.com.au,2,2,1.0,0
business.financialpost.com,2,2,1.0,0
bustle.com,2,2,1.0,0
ca.news.yahoo.com,2,2,1.0,0
cbs12.com,2,2,1.0,0
cbs17.com,2,2,1.0,0
cbs58.com,2,2,1.0,0
cbssports.com,2,2,1.0,0
cdn.loc.gov,2,2,1.0,0
celebrity.yahoo.com,2,2,1.0,0
channelnewsasia.com,2,2,1.0,0
chineseposters.net,2,2,1.0,0
chroniclelive.co.uk,2,2,1.0,0
cityam.com,2,2,1.0,0
cleantechnica.com,2,2,1.0,0
clickondetroit.com,2,2,1.0,0
clickorlando.com,2,2,1.0,0
cnet.com,2,2,1.0,0
cnn.it,2,2,1.0,0
coloradosun.com,2,2,1.0,0
complex.com,2,2,1.0,0
countryliving.com,2,2,1.0,0
csmonitor.com,2,2,1.0,0
dailyherald.com,2,2,1.0,0
dawn.com,2,2,1.0,0
deadspin.com,2,2,1.0,0
deathandtaxesmag.com,2,2,1.0,0
desmoinesregister.com,2,2,1.0,0
detroit.cbslocal.com,2,2,1.0,0
dexerto.com,2,2,1.0,0
dfw.cbslocal.com,2,2,1.0,0
dispatch.com,2,2,1.0,0
docs.google.com,2,2,1.0,0
economictimes.indiatimes.com,2,2,1.0,0
ecowatch.com,2,2,1.0,0
en.rocketnews24.com,2,2,1.0,0
english.pravda.ru,2,2,1.0,0
eurogamer.net,2,2,1.0,0
fakingstarwars.net,2,2,1.0,0
farm4.staticflickr.com,2,2,1.0,0
firstlook.org,2,2,1.0,0
fortune.com,2,2,1.0,0
fox2detroit.com,2,2,1.0,0
fox2now.com,2,2,1.0,0
fox4kc.com,2,2,1.0,0
fox4news.com,2,2,1.0,0
fox59.com,2,2,1.0,0
fox9.com,2,2,1.0,0
foxbusiness.com,2,2,1.0,0
foxsports.com,2,2,1.0,0
fraghero.com,2,2,1.0,0
gamespot.com,2,2,1.0,0
gazette.com,2,2,1.0,0
gizmodo.com,2,2,1.0,0
google.com,2,2,1.0,0
gq.com,2,2,1.0,0
greatfallstribune.com,2,2,1.0,0
greenmatters.com,2,2,1.0,0
guardian.co.uk,2,2,1.0,0
hawaiinewsnow.com,2,2,1.0,0
heraldscotland.com,2,2,1.0,0
houston.cbslocal.com,2,2,1.0,0
i.kinja-img.com,2,2,1.0,0
i.telegraph.co.uk,2,2,1.0,0
i.ytimg.com,2,2,1.0,0
iheartradio.ca,2,2,1.0,0
img.buzzfeed.com,2,2,1.0,0
img.gawkerassets.com,2,2,1.0,0
indianexpress.com,2,2,1.0,0
insidenova.com,2,2,1.0,0
insider.foxnews.com,2,2,1.0,0
irishtimes.com,2,2,1.0,0
jto.s3.amazonaws.com,2,2,1.0,0
kansas.com,2,2,1.0,0
kcci.com,2,2,1.0,0
kdvr.com,2,2,1.0,0
kenoshanews.com,2,2,1.0,0
knightleynews.com,2,2,1.0,0
kob.com,2,2,1.0,0
komonews.com,2,2,1.0,0
kstp.com,2,2,1.0,0
ktuu.com,2,2,1.0,0
latino.foxnews.com,2,2,1.0,0
lawandcrime.com,2,2,1.0,0
lifesitenews.com,2,2,1.0,0
liveleak.com,2,2,1.0,0
losangeles.cbslocal.com,2,2,1.0,0
loudwire.com,2,2,1.0,0
loweringthebar.net,2,2,1.0,0
m.economictimes.com,2,2,1.0,0
masslive.com,2,2,1.0,0
mavenroundtable.io,2,2,1.0,0
media.defense.gov,2,2,1.0,0
media.iwm.org.uk,2,2,1.0,0
middleeasteye.net,2,2,1.0,0
mnn.com,2,2,1.0,0
mobile.abc.net.au,2,2,1.0,0
mtv.com,2,2,1.0,0
myfoxboston.com,2,2,1.0,0
mymodernmet.com,2,2,1.0,0
mysanantonio.com,2,2,1.0,0
nationalpost.com,2,2,1.0,0
nbcmiami.com,2,2,1.0,0
nbcphiladelphia.com,2,2,1.0,0
nbcsandiego.com,2,2,1.0,0
newpittsburghcourieronline.com,2,2,1.0,0
news.asiaone.com,2,2,1.0,0
news.bbcimg.co.uk,2,2,1.0,0
news.cnet.com,2,2,1.0,0
news.nationalpost.com,2,2,1.0,0
news24.com,2,2,1.0,0
newsbusters.org,2,2,1.0,0
newschannel9.com,2,2,1.0,0
newshub.co.nz,2,2,1.0,0
newsmutiny.com,2,2,1.0,0
newsobserver.com,2,2,1.0,0
newyorker.com,2,2,1.0,0
nme.com,2,2,1.0,0
nola.com,2,2,1.0,0
northjersey.com,2,2,1.0,0
nyti.ms,2,2,1.0,0
ocregister.com,2,2,1.0,0
ogn.theonion.com,2,2,1.0,0
okcfox.com,2,2,1.0,0
omaha.com,2,2,1.0,0
onionstudios.com,2,2,1.0,0
opb.org,2,2,1.0,0
orlandosentinel.com,2,2,1.0,0
pagesix.com,2,2,1.0,0
pbs.org,2,2,1.0,0
philadelphia.cbslocal.com,2,2,1.0,0
pictures.zimbio.com,2,2,1.0,0
pilotonline.com,2,2,1.0,0
pjmedia.com,2,2,1.0,0
politicususa.com,2,2,1.0,0
polygon.com,2,2,1.0,0
ppcdn.500px.org,2,2,1.0,0
preview.redd.it,2,2,1.0,0
providencejournal.com,2,2,1.0,0
psfk.com,2,2,1.0,0
rappler.com,2,2,1.0,0
rbth.com,2,2,1.0,0
realclearpolitics.com,2,2,1.0,0
realcoolvideos.com,2,2,1.0,0
reviewjournal.com,2,2,1.0,0
rgj.com,2,2,1.0,0
richmond.com,2,2,1.0,0
rt.com,2,2,1.0,0
rte.ie,2,2,1.0,0
satirewire.com,2,2,1.0,0
scotsman.com,2,2,1.0,0
screen.yahoo.com,2,2,1.0,0
seattle.cbslocal.com,2,2,1.0,0
self.FakeFacts,2,2,1.0,0
self.Pareidolia,2,2,1.0,0
shareblue.com,2,2,1.0,0
socialnewsdaily.com,2,2,1.0,0
spiegel.de,2,2,1.0,0
starwipe.com,2,2,1.0,0
static.independent.co.uk,2,2,1.0,0
stgeorgeutah.com,2,2,1.0,0
sun-sentinel.com,2,2,1.0,0
talkingpointsmemo.com,2,2,1.0,0
thebeaverton.com,2,2,1.0,0
thedailymeal.com,2,2,1.0,0
thehardtimes.net,2,2,1.0,0
theindychannel.com,2,2,1.0,0
thejournal.ie,2,2,1.0,0
thenewstribune.com,2,2,1.0,0
thespec.com,2,2,1.0,0
thewrap.com,2,2,1.0,0
thisamericanlife.org,2,2,1.0,0
thisiscolossal.com,2,2,1.0,0
thumbs.gfycat.com,2,2,1.0,0
timesnews.net,2,2,1.0,0
timesunion.com,2,2,1.0,0
tmz.com,2,2,1.0,0
toronto.ctvnews.ca,2,2,1.0,0
torontosun.com,2,2,1.0,0
torrentfreak.com,2,2,1.0,0
tribune.com.pk,2,2,1.0,0
twofools.com,2,2,1.0,0
uk.reuters.com,2,2,1.0,0
unearthed.greenpeace.org,2,2,1.0,0
valleycentral.com,2,2,1.0,0
vanityfair.com,2,2,1.0,0
vocm.com,2,2,1.0,0
vulture.com,2,2,1.0,0
washington.cbslocal.com,2,2,1.0,0
watoday.com.au,2,2,1.0,0
wdrb.com,2,2,1.0,0
weather.com,2,2,1.0,0
wfaa.com,2,2,1.0,0
wfla.com,2,2,1.0,0
wired.co.uk,2,2,1.0,0
wired.com,2,2,1.0,0
wkyt.com,2,2,1.0,0
wsbt.com,2,2,1.0,0
wsls.com,2,2,1.0,0
wsoctv.com,2,2,1.0,0
wtae.com,2,2,1.0,0
wthr.com,2,2,1.0,0
wtkr.com,2,2,1.0,0
wtop.com,2,2,1.0,0
wtvr.com,2,2,1.0,0
yesmagazine.org,2,2,1.0,0
youreadygrandma.com,2,2,1.0,0
articles.philly.com,1,0,0.0,1
chinapost.com.tw,1,0,0.0,1
i57.tinypic.com,1,0,0.0,1
irs.gov,1,0,0.0,1
justice.gov,1,0,0.0,1
kjonline.com,1,0,0.0,1
lemurinn.is,1,0,0.0,1
lh3.googleusercontent.com,1,0,0.0,1
lh4.googleusercontent.com,1,0,0.0,1
occident2.blogspot.com,1,0,0.0,1
onlinesentinel.com,1,0,0.0,1
pastebin.com,1,0,0.0,1
shorewood-il.patch.com,1,0,0.0,1
skpunch.com,1,0,0.0,1
100milefreepress.net,1,1,1.0,0
1010wins.radio.com,1,1,1.0,0
10daily.com.au,1,1,1.0,0
10tv.com,1,1,1.0,0
1x.com,1,1,1.0,0
247sports.com,1,1,1.0,0
29.media.tumblr.com,1,1,1.0,0
2night.s3.amazonaws.com,1,1,1.0,0
3.bp.blogspot.com,1,1,1.0,0
33.media.tumblr.com,1,1,1.0,0
365show.com.ar,1,1,1.0,0
3ders.org,1,1,1.0,0
3news.co.nz,1,1,1.0,0
4.bp.blogspot.com,1,1,1.0,0
4029tv.com,1,1,1.0,0
5newsonline.com,1,1,1.0,0
65.media.tumblr.com,1,1,1.0,0
67.media.tumblr.com,1,1,1.0,0
68.media.tumblr.com,1,1,1.0,0
78.media.tumblr.com,1,1,1.0,0
99percentinvisible.org,1,1,1.0,0
9news.com,1,1,1.0,0
a.abcnews.com,1,1,1.0,0
a.rgbimg.com,1,1,1.0,0
abajournal.com,1,1,1.0,0
abc22now.com,1,1,1.0,0
abc27.com,1,1,1.0,0
abc30.com,1,1,1.0,0
abelabel.com,1,1,1.0,0
abovethelaw.com,1,1,1.0,0
abqjournal.com,1,1,1.0,0
accrareport.com,1,1,1.0,0
acsh.org,1,1,1.0,0
addictinginfo.org,1,1,1.0,0
adelaidenow.com.au,1,1,1.0,0
adigaskell.org,1,1,1.0,0
adl.org,1,1,1.0,0
adrenalinecrew.com,1,1,1.0,0
advocateanddemocrat.com,1,1,1.0,0
adweek.com,1,1,1.0,0
aep.lib.rochester.edu,1,1,1.0,0
ailab.microsoft.com,1,1,1.0,0
al-monitor.com,1,1,1.0,0
alaskastar.com,1,1,1.0,0
albawaba.com,1,1,1.0,0
allworldwars.com,1,1,1.0,0
alternativelyfacts.com,1,1,1.0,0
america.aljazeera.com,1,1,1.0,0
ammoland.com,1,1,1.0,0
amny.com,1,1,1.0,0
amsterdamnow.com,1,1,1.0,0
androidpolice.com,1,1,1.0,0
aol.co.uk,1,1,1.0,0
aol.it,1,1,1.0,0
aplus.com,1,1,1.0,0
apod.nasa.gov,1,1,1.0,0
apolitical.co,1,1,1.0,0
appleinsider.com,1,1,1.0,0
archbishopcranmer.com,1,1,1.0,0
architecturaldigest.com,1,1,1.0,0
archive.li,1,1,1.0,0
arkansasbusiness.com,1,1,1.0,0
armytimes.com,1,1,1.0,0
articles.chicagotribune.com,1,1,1.0,0
articles.latimes.com,1,1,1.0,0
articles.orlandosentinel.com,1,1,1.0,0
assets.bwbx.io,1,1,1.0,0
assets.letemps.ch,1,1,1.0,0
assets.lfcimages.com,1,1,1.0,0
assets.papelpop.com,1,1,1.0,0
astoriapost.com,1,1,1.0,0
at.nick.com,1,1,1.0,0
atlanticaward.com,1,1,1.0,0
attn.com,1,1,1.0,0
auburnpub.com,1,1,1.0,0
audubon.org,1,1,1.0,0
austinbrewblog.com,1,1,1.0,0
austindailyherald.com,1,1,1.0,0
autoblog.com,1,1,1.0,0
babylonbee.com,1,1,1.0,0
baltimoreravens.com,1,1,1.0,0
bartcop.com,1,1,1.0,0
basketusa.com,1,1,1.0,0
battlecreekenquirer.com,1,1,1.0,0
bc.ctvnews.ca,1,1,1.0,0
bdnews24.com,1,1,1.0,0
belfasttelegraph.co.uk,1,1,1.0,0
bellanaija.com,1,1,1.0,0
berkeleyside.com,1,1,1.0,0
beta.washingtonpost.com,1,1,1.0,0
betches.com,1,1,1.0,0
betootaadvocate.com,1,1,1.0,0
bigredturtle.com,1,1,1.0,0
billingsgazette.com,1,1,1.0,0
bipartisanreport.com,1,1,1.0,0
bismarcktribune.com,1,1,1.0,0
bizstandardnews.com,1,1,1.0,0
blockclubchicago.org,1,1,1.0,0
blog.al.com,1,1,1.0,0
blog.alaskaair.com,1,1,1.0,0
blog.myfitnesspal.com,1,1,1.0,0
blog.vegas.com,1,1,1.0,0
blogs.browardpalmbeach.com,1,1,1.0,0
blogs.dallasobserver.com,1,1,1.0,0
blogs.marketwatch.com,1,1,1.0,0
blogs.miaminewtimes.com,1,1,1.0,0
blogs.smithsonianmag.com,1,1,1.0,0
blogs.voanews.com,1,1,1.0,0
bloombergquint.com,1,1,1.0,0
bloombergview.com,1,1,1.0,0
bloximages.chicago2.vip.townnews.com,1,1,1.0,0
bluedotdaily.com,1,1,1.0,0
boomvibes.com,1,1,1.0,0
boredomtherapy.com,1,1,1.0,0
borgenmagazine.com,1,1,1.0,0
bradenton.com,1,1,1.0,0
breakingnews.ie,1,1,1.0,0
brides.com,1,1,1.0,0
britishmuseum.org,1,1,1.0,0
broadcastingcable.com,1,1,1.0,0
broadly.vice.com,1,1,1.0,0
broadwayworld.com,1,1,1.0,0
brooklyneagle.com,1,1,1.0,0
buffalobeast.com,1,1,1.0,0
buffalonews.com,1,1,1.0,0
buffalorising.com,1,1,1.0,0
bullshitnews.org,1,1,1.0,0
burlingtonfreepress.com,1,1,1.0,0
business2community.com,1,1,1.0,0
businessweekme.com,1,1,1.0,0
bustedcoverage.com,1,1,1.0,0
buzzfeednews.com,1,1,1.0,0
bystandrresearchanalyticsdata.com,1,1,1.0,0
bytwerk.com,1,1,1.0,0
c-span.org,1,1,1.0,0
c0.thejournal.ie,1,1,1.0,0
cairnspost.com.au,1,1,1.0,0
cambio.com,1,1,1.0,0
carnagedaily.com,1,1,1.0,0
catforlove.com,1,1,1.0,0
cbn.com,1,1,1.0,0
cbr.com,1,1,1.0,0
cbs19.tv,1,1,1.0,0
cbsn.ws,1,1,1.0,0
cdllife.com,1,1,1.0,0
cdn-images-1.medium.com,1,1,1.0,0
cdn.cnn.com,1,1,1.0,0
cdn0.vox-cdn.com,1,1,1.0,0
cdn1-www.comingsoon.net,1,1,1.0,0
cdn1.cienradios.com,1,1,1.0,0
cdn6.bigcommerce.com,1,1,1.0,0
centralillinoisproud.com,1,1,1.0,0
channel3000.com,1,1,1.0,0
chicago.suntimes.com,1,1,1.0,0
chicagobusiness.com,1,1,1.0,0
chortle.co.uk,1,1,1.0,0
christiannews.net,1,1,1.0,0
chronicle.northcoastnow.com,1,1,1.0,0
churchandstate.org.uk,1,1,1.0,0
cincinnati.com,1,1,1.0,0
cinemablend.com,1,1,1.0,0
city-journal.org,1,1,1.0,0
civilbeat.com,1,1,1.0,0
civilbeat.org,1,1,1.0,0
clarionledger.com,1,1,1.0,0
cleveland.com,1,1,1.0,0
cleveland19.com,1,1,1.0,0
clevescene.com,1,1,1.0,0
cnnphilippines.com,1,1,1.0,0
cnsnews.com,1,1,1.0,0
columbiadailyherald.com,1,1,1.0,0
columbiamissourian.com,1,1,1.0,0
commercialappeal.com,1,1,1.0,0
commondreams.org,1,1,1.0,0
commons.wikimedia.org,1,1,1.0,0
connecticut.cbslocal.com,1,1,1.0,0
cosmopolitan.com,1,1,1.0,0
counter-strike.net,1,1,1.0,0
countercurrentnews.com,1,1,1.0,0
counterflick.com,1,1,1.0,0
courtnewsohio.gov,1,1,1.0,0
craftster.org,1,1,1.0,0
craveonline.com,1,1,1.0,0
crewnecksandsnapbacks.com,1,1,1.0,0
crimeblog.dallasnews.com,1,1,1.0,0
crimefeed.com,1,1,1.0,0
crooksandliars.com,1,1,1.0,0
crowdtilt.com,1,1,1.0,0
crunchyroll.com,1,1,1.0,0
cruxnow.com,1,1,1.0,0
cs618416.vk.me,1,1,1.0,0
cs630428.vk.me,1,1,1.0,0
ctmirror.org,1,1,1.0,0
ctpost.com,1,1,1.0,0
culture24.org.uk,1,1,1.0,0
cuteoverload.files.wordpress.com,1,1,1.0,0
cyprus-mail.com,1,1,1.0,0
d3lp4xedbqa8a5.cloudfront.net,1,1,1.0,0
daijiworld.com,1,1,1.0,0
dailycamera.com,1,1,1.0,0
dailyexaminer.com.au,1,1,1.0,0
dailyexpress.io,1,1,1.0,0
dailygood.org,1,1,1.0,0
dailymemphian.com,1,1,1.0,0
dailynk.com,1,1,1.0,0
dailyoccupation.com,1,1,1.0,0
dailyrecord.co.uk,1,1,1.0,0
dailyrecord.com,1,1,1.0,0
dailyshamble.com,1,1,1.0,0
dailysnark.com,1,1,1.0,0
dailysquat.com,1,1,1.0,0
dailystar.co.uk,1,1,1.0,0
dailytarheel.com,1,1,1.0,0
dailytelegraph.com.au,1,1,1.0,0
dailywire.com,1,1,1.0,0
dallasnews.com,1,1,1.0,0
dandygoat.com,1,1,1.0,0
dangerousminds.net,1,1,1.0,0
danieljmitchell.wordpress.com,1,1,1.0,0
davisvanguard.org,1,1,1.0,0
daylandoes.com,1,1,1.0,0
deadline.com,1,1,1.0,0
deccanchronicle.com,1,1,1.0,0
defensemaven.io,1,1,1.0,0
democracyandclasstruggle.blogspot.com,1,1,1.0,0
democracynow.org,1,1,1.0,0
desi-tashan.co.in,1,1,1.0,0
designer-daily.com,1,1,1.0,0
deslide.clusterfake.net,1,1,1.0,0
devonlive.com,1,1,1.0,0
dezeen.com,1,1,1.0,0
dhm.de,1,1,1.0,0
dictionaryofsydney.org,1,1,1.0,0
digg.com,1,1,1.0,0
digitaljournal.com,1,1,1.0,0
digitaltrends.com,1,1,1.0,0
disembedded.wordpress.com,1,1,1.0,0
djbooth.net,1,1,1.0,0
djournal.com,1,1,1.0,0
dogsnation.us,1,1,1.0,0
doncasterfreepress.co.uk,1,1,1.0,0
drewexmachina.com,1,1,1.0,0
duffelblog.com,1,1,1.0,0
eagnews.org,1,1,1.0,0
eandt.theiet.org,1,1,1.0,0
earth.com,1,1,1.0,0
earthsky.org,1,1,1.0,0
eastbaytimes.com,1,1,1.0,0
eastidahonews.com,1,1,1.0,0
eater.com,1,1,1.0,0
ebay.com,1,1,1.0,0
ebony.com,1,1,1.0,0
ecx.images-amazon.com,1,1,1.0,0
edmontonsun.com,1,1,1.0,0
efp.org.uk,1,1,1.0,0
elderofziyon.blogspot.co.il,1,1,1.0,0
electrek.co,1,1,1.0,0
elpais.com,1,1,1.0,0
empowertexans.com,1,1,1.0,0
ems1.com,1,1,1.0,0
en.es-static.us,1,1,1.0,0
en.itar-tass.com,1,1,1.0,0
english.khamenei.ir,1,1,1.0,0
english.kyodonews.net,1,1,1.0,0
enterprisenews.com,1,1,1.0,0
entertainment.ie,1,1,1.0,0
entrepreneur.com,1,1,1.0,0
eonline.com,1,1,1.0,0
es.scribd.com,1,1,1.0,0
escapistmagazine.com,1,1,1.0,0
essence.com,1,1,1.0,0
euronews.com,1,1,1.0,0
eurweb.com,1,1,1.0,0
expressandstar.com,1,1,1.0,0
extralucha.com,1,1,1.0,0
facebook.com,1,1,1.0,0
fahoonews.com,1,1,1.0,0
fair.org,1,1,1.0,0
farm1.static.flickr.com,1,1,1.0,0
farm2.static.flickr.com,1,1,1.0,0
farm5.static.flickr.com,1,1,1.0,0
farm5.staticflickr.com,1,1,1.0,0
farm6.staticflickr.com,1,1,1.0,0
farm7.staticflickr.com,1,1,1.0,0
fashionweekdaily.com,1,1,1.0,0
fastcodesign.com,1,1,1.0,0
fastcoexist.com,1,1,1.0,0
fastcompany.com,1,1,1.0,0
fbnews.co,1,1,1.0,0
fc00.deviantart.net,1,1,1.0,0
fc02.deviantart.net,1,1,1.0,0
fc03.deviantart.net,1,1,1.0,0
fc04.deviantart.net,1,1,1.0,0
fcfighter.com,1,1,1.0,0
features.propublica.org,1,1,1.0,0
flexxmag.com,1,1,1.0,0
fm.cnbc.com,1,1,1.0,0
forces.net,1,1,1.0,0
foreignpolicy.com,1,1,1.0,0
forward.com,1,1,1.0,0
fosters.com,1,1,1.0,0
fox13memphis.com,1,1,1.0,0
fox13news.com,1,1,1.0,0
fox13now.com,1,1,1.0,0
fox17online.com,1,1,1.0,0
fox21news.com,1,1,1.0,0
fox32chicago.com,1,1,1.0,0
fox40.com,1,1,1.0,0
fox46charlotte.com,1,1,1.0,0
fox4now.com,1,1,1.0,0
fox5ny.com,1,1,1.0,0
fox5vegas.com,1,1,1.0,0
fox8.com,1,1,1.0,0
foxla.com,1,1,1.0,0
foxnewsinsider.com,1,1,1.0,0
foxsports.com.au,1,1,1.0,0
france-metallurgie.com,1,1,1.0,0
freebeacon.com,1,1,1.0,0
fresher.ru,1,1,1.0,0
funnyordie.com,1,1,1.0,0
fusion.net,1,1,1.0,0
fuzzfix.com,1,1,1.0,0
gallica.bnf.fr,1,1,1.0,0
gallup.com,1,1,1.0,0
gamasutra.com,1,1,1.0,0
gameinformer.com,1,1,1.0,0
gannett-cdn.com,1,1,1.0,0
gastongazette.com,1,1,1.0,0
gaystarnews.com,1,1,1.0,0
gbtimes.com,1,1,1.0,0
gdb.rferl.org,1,1,1.0,0
geek.com,1,1,1.0,0
gintersells.com,1,1,1.0,0
givetothekids.com,1,1,1.0,0
glencove.patch.com,1,1,1.0,0
globalpossibilities.org,1,1,1.0,0
globegazette.com,1,1,1.0,0
globulartimes.wordpress.com,1,1,1.0,0
gmanetwork.com,1,1,1.0,0
godanriver.com,1,1,1.0,0
goo.gl,1,1,1.0,0
graphics8.nytimes.com,1,1,1.0,0
greedyape.com,1,1,1.0,0
greenprophet.com,1,1,1.0,0
gu.com,1,1,1.0,0
guardian.co.tt,1,1,1.0,0
guelphtoday.com,1,1,1.0,0
gulfnews.com,1,1,1.0,0
hamptonroads.com,1,1,1.0,0
hardballtalk.nbcsports.com,1,1,1.0,0
hardcorezen.blogspot.com,1,1,1.0,0
hcn.org,1,1,1.0,0
hdwallpapersinn.com,1,1,1.0,0
healthherbs365.com,1,1,1.0,0
heraldnews.com,1,1,1.0,0
heraldtribune.com,1,1,1.0,0
heroviral.com,1,1,1.0,0
hillreporter.com,1,1,1.0,0
hiphollywood.com,1,1,1.0,0
hiphopdx.com,1,1,1.0,0
hippothoughts.com,1,1,1.0,0
histoire-image.org,1,1,1.0,0
history.com,1,1,1.0,0
hlntv.com,1,1,1.0,0
holidaysincornwall.com,1,1,1.0,0
hollywoodreporter.com,1,1,1.0,0
home.bt.com,1,1,1.0,0
homemadebyyou.co.uk,1,1,1.0,0
hometownlife.com,1,1,1.0,0
hongkongfp.com,1,1,1.0,0
hoodline.com,1,1,1.0,0
host.madison.com,1,1,1.0,0
hotnewhiphop.com,1,1,1.0,0
houstonchronicle.com,1,1,1.0,0
hqtune.com,1,1,1.0,0
humanprogress.org,1,1,1.0,0
i.cbc.ca,1,1,1.0,0
i.dailymail.co.uk,1,1,1.0,0
i.guim.co.uk,1,1,1.0,0
i.gyazo.com,1,1,1.0,0
i.imgflip.com,1,1,1.0,0
i.livescience.com,1,1,1.0,0
i.magaimg.net,1,1,1.0,0
i1184.photobucket.com,1,1,1.0,0
i1226.photobucket.com,1,1,1.0,0
i2.cdn.turner.com,1,1,1.0,0
i3.eurosport.com,1,1,1.0,0
i46.tinypic.com,1,1,1.0,0
ibtimes.co.in,1,1,1.0,0
ibtimes.com,1,1,1.0,0
ic.pics.livejournal.com,1,1,1.0,0
idahostatesman.com,1,1,1.0,0
ideologicalart.wordpress.com,1,1,1.0,0
idolator.com,1,1,1.0,0
idroom.ch,1,1,1.0,0
ifpnews.com,1,1,1.0,0
ijreview.com,1,1,1.0,0
images.amcnetworks.com,1,1,1.0,0
images.app.goo.gl,1,1,1.0,0
images.asos-media.com,1,1,1.0,0
images.nationalgeographic.com,1,1,1.0,0
images6.fanpop.com,1,1,1.0,0
img-fotki.yandex.ru,1,1,1.0,0
img.crueldommes.com,1,1,1.0,0
img.huffingtonpost.com,1,1,1.0,0
img.ie,1,1,1.0,0
img.izismile.com,1,1,1.0,0
img.rt.com,1,1,1.0,0
imgflip.com,1,1,1.0,0
inapcache.boston.com,1,1,1.0,0
inc.com,1,1,1.0,0
index.hr,1,1,1.0,0
indianapolisrecorder.com,1,1,1.0,0
indiatoday.intoday.in,1,1,1.0,0
indiewire.com,1,1,1.0,0
insidehalton.com,1,1,1.0,0
inspiremore.com,1,1,1.0,0
internationalanimalrescue.org,1,1,1.0,0
iol.co.za,1,1,1.0,0
irishexaminer.com,1,1,1.0,0
isidewith.com,1,1,1.0,0
islingtongazette.co.uk,1,1,1.0,0
israel21c.org,1,1,1.0,0
itun.es,1,1,1.0,0
jakarta.coconuts.co,1,1,1.0,0
jamesjhamilton.net,1,1,1.0,0
jdeberge.deviantart.com,1,1,1.0,0
jerseyshoreonline.com,1,1,1.0,0
jerusalemonline.com,1,1,1.0,0
jimdroberts.wordpress.com,1,1,1.0,0
joe.ie,1,1,1.0,0
joplinglobe.com,1,1,1.0,0
jordanmmerideth.files.wordpress.com,1,1,1.0,0
journalstar.com,1,1,1.0,0
kansasmemory.org,1,1,1.0,0
kare11.com,1,1,1.0,0
kark.com,1,1,1.0,0
katko.house.gov,1,1,1.0,0
katu.com,1,1,1.0,0
kcmeesha.com,1,1,1.0,0
kcra.com,1,1,1.0,0
kcrg.com,1,1,1.0,0
kctv5.com,1,1,1.0,0
kengarex.com,1,1,1.0,0
kentucky.com,1,1,1.0,0
kfor.com,1,1,1.0,0
kfvs12.com,1,1,1.0,0
khon2.com,1,1,1.0,0
khq.com,1,1,1.0,0
king5.com,1,1,1.0,0
kiro7.com,1,1,1.0,0
kitguru.net,1,1,1.0,0
kmbz.com,1,1,1.0,0
kmov.com,1,1,1.0,0
kmph-kfre.com,1,1,1.0,0
kokomoperspective.com,1,1,1.0,0
kordan.35photo.ru,1,1,1.0,0
kptv.com,1,1,1.0,0
krmg.com,1,1,1.0,0
krqe.com,1,1,1.0,0
ksat.com,1,1,1.0,0
ksn.com,1,1,1.0,0
ktul.com,1,1,1.0,0
ktvb.com,1,1,1.0,0
kurzweilai.net,1,1,1.0,0
kusi.com,1,1,1.0,0
kutnews.org,1,1,1.0,0
kutv.com,1,1,1.0,0
kvue.com,1,1,1.0,0
kxan.com,1,1,1.0,0
kxly.com,1,1,1.0,0
kxxv.com,1,1,1.0,0
kyforward.com,1,1,1.0,0
kym4.com,1,1,1.0,0
l.yimg.com,1,1,1.0,0
la.curbed.com,1,1,1.0,0
laborarts.org,1,1,1.0,0
laist.com,1,1,1.0,0
lakecountrynow.com,1,1,1.0,0
lancasterguardian.co.uk,1,1,1.0,0
lasvegasnow.com,1,1,1.0,0
latimesblogs.latimes.com,1,1,1.0,0
laweekly.com,1,1,1.0,0
lawfareblog.com,1,1,1.0,0
lazerhorse.org,1,1,1.0,0
leaderpost.com,1,1,1.0,0
ledevoir.com,1,1,1.0,0
leicestermercury.co.uk,1,1,1.0,0
leitnerstudios.com,1,1,1.0,0
lex18.com,1,1,1.0,0
libertyunyielding.com,1,1,1.0,0
lifedaily.com,1,1,1.0,0
lifemattersmedia.org,1,1,1.0,0
lifestyle.clickhole.com,1,1,1.0,0
lifestyle.inquirer.net,1,1,1.0,0
lifewithdogs.tv,1,1,1.0,0
likes.com,1,1,1.0,0
limerickleader.ie,1,1,1.0,0
literallydarling.com,1,1,1.0,0
live5news.com,1,1,1.0,0
livedoor.4.blogimg.jp,1,1,1.0,0
loc.gov,1,1,1.0,0
local8now.com,1,1,1.0,0
london-fire.gov.uk,1,1,1.0,0
lovebscott.com,1,1,1.0,0
lovemeow.com,1,1,1.0,0
m.afl.com.au,1,1,1.0,0
m.bbc.co.uk,1,1,1.0,0
m.csmonitor.com,1,1,1.0,0
m.gazette.com,1,1,1.0,0
m.newser.com,1,1,1.0,0
m.timesofindia.com,1,1,1.0,0
m.wbrc.com,1,1,1.0,0
m.youtube.com,1,1,1.0,0
macleans.ca,1,1,1.0,0
macon.com,1,1,1.0,0
madefrom.com,1,1,1.0,0
madonc.com,1,1,1.0,0
malaysiakini.com,1,1,1.0,0
mamamia.com.au,1,1,1.0,0
maplewood-brentwood.patch.com,1,1,1.0,0
maps.google.com,1,1,1.0,0
maritimeherald.com,1,1,1.0,0
masalatime.com,1,1,1.0,0
masculineintent.com,1,1,1.0,0
maxim.com,1,1,1.0,0
mbari.org,1,1,1.0,0
media.chick.com,1,1,1.0,0
media.npr.org,1,1,1.0,0
media.timeout.com,1,1,1.0,0
media.tumblr.com,1,1,1.0,0
media.washtimes.com,1,1,1.0,0
media1.s-nbcnews.com,1,1,1.0,0
media2.fdncms.com,1,1,1.0,0
media3.s-nbcnews.com,1,1,1.0,0
memewallstreet.wordpress.com,1,1,1.0,0
memory.loc.gov,1,1,1.0,0
menshealth.com,1,1,1.0,0
mentalfloss.com,1,1,1.0,0
mercurynews.com,1,1,1.0,0
mercurysmailbag.wordpress.com,1,1,1.0,0
metropolitan.fi,1,1,1.0,0
mfablog.org,1,1,1.0,0
miaminewtimes.com,1,1,1.0,0
michiganradio.org,1,1,1.0,0
military.com,1,1,1.0,0
minnesota.cbslocal.com,1,1,1.0,0
miryslist.org,1,1,1.0,0
missoulian.com,1,1,1.0,0
mitchellrepublic.com,1,1,1.0,0
mixmag.net,1,1,1.0,0
mizzoumag.missouri.edu,1,1,1.0,0
mlb.com,1,1,1.0,0
mmajunkie.usatoday.com,1,1,1.0,0
mnialive.com,1,1,1.0,0
mobile.nytimes.com,1,1,1.0,0
mocanyc.org,1,1,1.0,0
modbee.com,1,1,1.0,0
montrealgazette.com,1,1,1.0,0
mopo24.de,1,1,1.0,0
morningticker.com,1,1,1.0,0
morristowngreen.com,1,1,1.0,0
motherboard.vice.com,1,1,1.0,0
movies.yahoo.com,1,1,1.0,0
mprnews.org,1,1,1.0,0
msn.foxsports.com,1,1,1.0,0
mspoweruser.com,1,1,1.0,0
muskokaregion.com,1,1,1.0,0
muslimpress.com,1,1,1.0,0
mv-voice.com,1,1,1.0,0
myfoxatlanta.com,1,1,1.0,0
myfoxdfw.com,1,1,1.0,0
myfoxny.com,1,1,1.0,0
myfoxtwincities.com,1,1,1.0,0
mygoodplanet.com,1,1,1.0,0
myhero.com,1,1,1.0,0
mystateline.com,1,1,1.0,0
mystatesman.com,1,1,1.0,0
myyellowknifenow.com,1,1,1.0,0
nakedsecurity.sophos.com,1,1,1.0,0
naplesnews.com,1,1,1.0,0
nation.co.ke,1,1,1.0,0
nationalgeographic.com.es,1,1,1.0,0
nationalmemo.com,1,1,1.0,0
nationalreview.com,1,1,1.0,0
nationmultimedia.com,1,1,1.0,0
naturalblaze.com,1,1,1.0,0
natureknows.org,1,1,1.0,0
natureworldreport.com,1,1,1.0,0
nbc12.com,1,1,1.0,0
nbc15.com,1,1,1.0,0
nbcbayarea.com,1,1,1.0,0
nbcdfw.com,1,1,1.0,0
neowin.net,1,1,1.0,0
nerdist.com,1,1,1.0,0
nesn.com,1,1,1.0,0
networkworld.com,1,1,1.0,0
new2.fjcdn.com,1,1,1.0,0
newbostonpost.com,1,1,1.0,0
newcarlislenews.net,1,1,1.0,0
newindianexpress.com,1,1,1.0,0
newnownext.com,1,1,1.0,0
newrepublic.com,1,1,1.0,0
news-sentinel.com,1,1,1.0,0
news.antiwar.com,1,1,1.0,0
news.bbc.co.uk,1,1,1.0,0
news.brevardtimes.com,1,1,1.0,0
news.firedoglake.com,1,1,1.0,0
news.fiu.edu,1,1,1.0,0
news.hiphopearly.com,1,1,1.0,0
news.microsoft.com,1,1,1.0,0
news.oneindia.in,1,1,1.0,0
news.ubisoft.com,1,1,1.0,0
news.uga.edu,1,1,1.0,0
news.umanitoba.ca,1,1,1.0,0
news.wsu.edu,1,1,1.0,0
news4sanantonio.com,1,1,1.0,0
news5cleveland.com,1,1,1.0,0
newscastic.com,1,1,1.0,0
newscdn.newsrep.net,1,1,1.0,0
newschannel5.com,1,1,1.0,0
newscorpse.com,1,1,1.0,0
newsfirst.lk,1,1,1.0,0
newsiosity.com,1,1,1.0,0
newsline.com,1,1,1.0,0
newsmax.com,1,1,1.0,0
newsnow.website,1,1,1.0,0
newsroom.ucla.edu,1,1,1.0,0
newstalk.com,1,1,1.0,0
newstalkzb.co.nz,1,1,1.0,0
newsthump.com,1,1,1.0,0
nextcity.org,1,1,1.0,0
nextpowerup.com,1,1,1.0,0
nextshark.com,1,1,1.0,0
nfl.com,1,1,1.0,0
ngm.nationalgeographic.com,1,1,1.0,0
ngtnews.com,1,1,1.0,0
nhmagazine.com,1,1,1.0,0
niemanlab.org,1,1,1.0,0
nintendolife.com,1,1,1.0,0
njherald.com,1,1,1.0,0
nknews.org,1,1,1.0,0
nobledaily.com,1,1,1.0,0
northcountrypublicradio.org,1,1,1.0,0
northumbria.nhs.uk,1,1,1.0,0
notanothertraveljunky.com,1,1,1.0,0
notreally.news,1,1,1.0,0
novenanews.com,1,1,1.0,0
now.msn.com,1,1,1.0,0
nps.gov,1,1,1.0,0
nrc-reader.s3.amazonaws.com,1,1,1.0,0
nrc.nl,1,1,1.0,0
nsnews.com,1,1,1.0,0
nwaonline.com,1,1,1.0,0
nwhm.org,1,1,1.0,0
o.aolcdn.com,1,1,1.0,0
observer.com,1,1,1.0,0
observers.france24.com,1,1,1.0,0
officethermostat.com,1,1,1.0,0
ohio.com,1,1,1.0,0
okeefes.org,1,1,1.0,0
on9news.tv,1,1,1.0,0
onegreenplanet.org,1,1,1.0,0
onformative.com,1,1,1.0,0
online.wsj.com,1,1,1.0,0
onlyagame.wbur.org,1,1,1.0,0
onties.com,1,1,1.0,0
opposingviews.com,1,1,1.0,0
orig01.deviantart.net,1,1,1.0,0
orlandoweekly.com,1,1,1.0,0
outerplaces.com,1,1,1.0,0
oxenmouth-news.com,1,1,1.0,0
paintingdb.com,1,1,1.0,0
panampost.com,1,1,1.0,0
pando.com,1,1,1.0,0
paperlessarchives.com,1,1,1.0,0
papermag.com,1,1,1.0,0
parkerrice.smugmug.com,1,1,1.0,0
parsippanyfocus.com,1,1,1.0,0
patriothole.clickhole.com,1,1,1.0,0
patspulpit.com,1,1,1.0,0
paulickreport.com,1,1,1.0,0
pcdn.500px.net,1,1,1.0,0
pcmag.com,1,1,1.0,0
peacht.com,1,1,1.0,0
pedestrian.tv,1,1,1.0,0
peoplepets.com,1,1,1.0,0
perc360.com,1,1,1.0,0
peripheralvisionblog.files.wordpress.com,1,1,1.0,0
peterboroughtoday.co.uk,1,1,1.0,0
phdcomics.com,1,1,1.0,0
photos.smugmug.com,1,1,1.0,0
piie.com,1,1,1.0,0
pinknews.co.uk,1,1,1.0,0
pitchfork.com,1,1,1.0,0
pittsburgh.cbslocal.com,1,1,1.0,0
play.vidhuber.com,1,1,1.0,0
playbill.com,1,1,1.0,0
pluralist.com,1,1,1.0,0
pointsincase.com,1,1,1.0,0
police.govt.nz,1,1,1.0,0
politico.eu,1,1,1.0,0
popculture.com,1,1,1.0,0
popthirdworld.tumblr.com,1,1,1.0,0
popwatch.ew.com,1,1,1.0,0
portlandmercury.com,1,1,1.0,0
post-gazette.com,1,1,1.0,0
postguam.com,1,1,1.0,0
pressdemocrat.com,1,1,1.0,0
presstv.ir,1,1,1.0,0
prnewswire.com,1,1,1.0,0
profootballtalk.nbcsports.com,1,1,1.0,0
prohibition.osu.edu,1,1,1.0,0
prweek.com,1,1,1.0,0
psmag.com,1,1,1.0,0
publicintegrity.org,1,1,1.0,0
puddleoflaundry.wordpress.com,1,1,1.0,0
qkme.me,1,1,1.0,0
radiotimes.com,1,1,1.0,0
rapidcityjournal.com,1,1,1.0,0
reddit.crowdtilt.com,1,1,1.0,0
redditblog.com,1,1,1.0,0
reductress.com,1,1,1.0,0
refinery29.com,1,1,1.0,0
registercitizen.com,1,1,1.0,0
registerguard.com,1,1,1.0,0
reverbpress.com,1,1,1.0,0
rightwingnews.com,1,1,1.0,0
rochdaleherald.co.uk,1,1,1.0,0
rollcall.com,1,1,1.0,0
s.glbimg.com,1,1,1.0,0
s.ndtvimg.com,1,1,1.0,0
s2.reutersmedia.net,1,1,1.0,0
s3.reutersmedia.net,1,1,1.0,0
s4.reutersmedia.net,1,1,1.0,0
s9.postimg.org,1,1,1.0,0
sac.se,1,1,1.0,0
sacbee.com,1,1,1.0,0
sacramento.cbslocal.com,1,1,1.0,0
samaa.tv,1,1,1.0,0
sanctumnews.com,1,1,1.0,0
sandiegouniontribune.com,1,1,1.0,0
santafenewmexican.com,1,1,1.0,0
saskatoon.ctvnews.ca,1,1,1.0,0
satiricalfacts.com,1,1,1.0,0
saultstar.com,1,1,1.0,0
savok.name,1,1,1.0,0
sbs.com.au,1,1,1.0,0
sc.mp,1,1,1.0,0
schoolsofthought.blogs.cnn.com,1,1,1.0,0
science.sciencemag.org,1,1,1.0,0
sciencebulletin.org,1,1,1.0,0
sciencenews.org,1,1,1.0,0
sciencespacerobots.com,1,1,1.0,0
scnow.com,1,1,1.0,0
scontent-frt3-1.xx.fbcdn.net,1,1,1.0,0
scontent.fdel1-2.fna.fbcdn.net,1,1,1.0,0
screenrant.com,1,1,1.0,0
screenshot-magazine.com,1,1,1.0,0
secondcity.com,1,1,1.0,0
secure.dslreports.com,1,1,1.0,0
secure.politico.com,1,1,1.0,0
secure.wikimedia.org,1,1,1.0,0
self.PropagandaPosters,1,1,1.0,0
self.USNEWS,1,1,1.0,0
self.UpliftingNews,1,1,1.0,0
self.neutralnews,1,1,1.0,0
self.satire,1,1,1.0,0
seriouseats.com,1,1,1.0,0
sfchronicle.com,1,1,1.0,0
sg.news.yahoo.com,1,1,1.0,0
sgvtribune.com,1,1,1.0,0
shacknews.com,1,1,1.0,0
shropshirestar.com,1,1,1.0,0
si.wsj.net,1,1,1.0,0
siliconvall.io,1,1,1.0,0
silive.com,1,1,1.0,0
simplenews.co.uk,1,1,1.0,0
skepticmoney.com,1,1,1.0,0
sky105.com,1,1,1.0,0
slac.stanford.edu,1,1,1.0,0
slavorum.org,1,1,1.0,0
slingshotesports.com,1,1,1.0,0
sltrib.com,1,1,1.0,0
smsprio2016-a.akamaihd.net,1,1,1.0,0
snopes.com,1,1,1.0,0
social.newsinc.com,1,1,1.0,0
soundcloud.com,1,1,1.0,0
southsidedaily.com,1,1,1.0,0
space.com,1,1,1.0,0
spaceanswers.com,1,1,1.0,0
specialolympicsblog.wordpress.com,1,1,1.0,0
specials.mystatesman.com,1,1,1.0,0
spin.com,1,1,1.0,0
spokesman.com,1,1,1.0,0
sportingnews.com,1,1,1.0,0
sports-kings.com,1,1,1.0,0
sprudge.com,1,1,1.0,0
sputniknews.com,1,1,1.0,0
squawker.org,1,1,1.0,0
stand-magazine.com,1,1,1.0,0
standardmedia.co.ke,1,1,1.0,0
star-telegram.com,1,1,1.0,0
staradvertiser.com,1,1,1.0,0
statesmanjournal.com,1,1,1.0,0
static.lexpress.fr,1,1,1.0,0
static01.nyt.com,1,1,1.0,0
static3.businessinsider.com,1,1,1.0,0
statter911.com,1,1,1.0,0
steamuserimages-a.akamaihd.net,1,1,1.0,0
stencilhoss.com,1,1,1.0,0
stepfeed.com,1,1,1.0,0
stereotypicaltrump.com,1,1,1.0,0
straight.com,1,1,1.0,0
stripes.com,1,1,1.0,0
styleite.com,1,1,1.0,0
sunnewsnetwork.ca,1,1,1.0,0
svt.se,1,1,1.0,0
sweets.seriouseats.com,1,1,1.0,0
sylacauganews.com,1,1,1.0,0
syrianobserver.com,1,1,1.0,0
tagesschau.de,1,1,1.0,0
tampa.cbslocal.com,1,1,1.0,0
tapinto.net,1,1,1.0,0
tasteofcountry.com,1,1,1.0,0
taxproblemsolver.com,1,1,1.0,0
techly.com.au,1,1,1.0,0
ted.com,1,1,1.0,0
telegram.com,1,1,1.0,0
telemundodallas.com,1,1,1.0,0
tennisworldusa.org,1,1,1.0,0
texastribune.org,1,1,1.0,0
thanhniennews.com,1,1,1.0,0
the-open-mind.com,1,1,1.0,0
the-postillon.com,1,1,1.0,0
the-watch.blog,1,1,1.0,0
thealttimes.com,1,1,1.0,0
theamericanmirror.com,1,1,1.0,0
theargus.co.uk,1,1,1.0,0
theatlanticcities.com,1,1,1.0,0
theatlanticwire.com,1,1,1.0,0
thebeetblog.wordpress.com,1,1,1.0,0
theboltonnews.co.uk,1,1,1.0,0
thecalifornian.com,1,1,1.0,0
theclusterproject.com,1,1,1.0,0
thecoast.ca,1,1,1.0,0
theconversation.com,1,1,1.0,0
thedailyfrick.com,1,1,1.0,0
thedailynewt.net,1,1,1.0,0
thedartmouth.com,1,1,1.0,0
thedenverchannel.com,1,1,1.0,0
thedodo.com,1,1,1.0,0
thedrive.com,1,1,1.0,0
thedrum.com,1,1,1.0,0
theepochtimes.com,1,1,1.0,0
thefactoid.com,1,1,1.0,0
thefire.org,1,1,1.0,0
thefloridamantimes.com,1,1,1.0,0
thegardenisland.com,1,1,1.0,0
thegg.net,1,1,1.0,0
thegreatupdate.com,1,1,1.0,0
thehackernews.com,1,1,1.0,0
theknotnews.com,1,1,1.0,0
theladylikeleopard.files.wordpress.com,1,1,1.0,0
theliberator.org.uk,1,1,1.0,0
thelibertarianrepublic.com,1,1,1.0,0
thelocal.it,1,1,1.0,0
thelocal.se,1,1,1.0,0
thelogicalindian.com,1,1,1.0,0
themarysue.com,1,1,1.0,0
themercury.com,1,1,1.0,0
themilkingcat.com,1,1,1.0,0
themindunleashed.com,1,1,1.0,0
thenation.com,1,1,1.0,0
thenewports.bandcamp.com,1,1,1.0,0
thenorthernecho.co.uk,1,1,1.0,0
thenorthernquota.org,1,1,1.0,0
thenypost.files.wordpress.com,1,1,1.0,0
theoceancleanup.com,1,1,1.0,0
theoptimist.com.au,1,1,1.0,0
thepensivescribbler.com,1,1,1.0,0
theplanetarypress.com,1,1,1.0,0
theroot.com,1,1,1.0,0
thescore.com,1,1,1.0,0
thesleuthjournal.com,1,1,1.0,0
thesouthern.com,1,1,1.0,0
thespacereporter.com,1,1,1.0,0
thestarphoenix.com,1,1,1.0,0
thesupremereport.wordpress.com,1,1,1.0,0
thevocal.com.au,1,1,1.0,0
theweek.co.uk,1,1,1.0,0
thiknews.ml,1,1,1.0,0
thisisinsider.com,1,1,1.0,0
thomasdryden.blogspot.com,1,1,1.0,0
tillamookheadlightherald.com,1,1,1.0,0
timberjay.com,1,1,1.0,0
timesfreepress.com,1,1,1.0,0
timesofindia.indiatimes.com,1,1,1.0,0
tivi.fi,1,1,1.0,0
today.rtl.lu,1,1,1.0,0
todaysfive.com,1,1,1.0,0
tools.ntnews.com.au,1,1,1.0,0
toronto.citynews.ca,1,1,1.0,0
totalpolitics.com,1,1,1.0,0
towleroad.com,1,1,1.0,0
townandcountrymag.com,1,1,1.0,0
townhall.com,1,1,1.0,0
toyland.gizmodo.com,1,1,1.0,0
treehugger.com,1,1,1.0,0
treklightgear.com,1,1,1.0,0
triblive.com,1,1,1.0,0
trtworld.com,1,1,1.0,0
tucsonnewsnow.com,1,1,1.0,0
tulsaworld.com,1,1,1.0,0
turlockjournal.com,1,1,1.0,0
turnto23.com,1,1,1.0,0
turtleboysports.com,1,1,1.0,0
tuscaloosanews.com,1,1,1.0,0
tv.yahoo.com,1,1,1.0,0
twincities.com,1,1,1.0,0
uatoday.tv,1,1,1.0,0
uc.udn.com.tw,1,1,1.0,0
unh.edu,1,1,1.0,0
unitedchurchofbacon.com,1,1,1.0,0
universalhub.com,1,1,1.0,0
univision.com,1,1,1.0,0
unothegateway.com,1,1,1.0,0
upguard.com,1,1,1.0,0
uploads7.wikipaintings.org,1,1,1.0,0
upworthy.com,1,1,1.0,0
us.cnn.com,1,1,1.0,0
usbr.gov,1,1,1.0,0
usmagazine.com,1,1,1.0,0
utilitydive.com,1,1,1.0,0
v.youku.com,1,1,1.0,0
valdostatoday.com,1,1,1.0,0
valuewalk.com,1,1,1.0,0
vancitybuzz.com,1,1,1.0,0
vancourier.com,1,1,1.0,0
variety.com,1,1,1.0,0
venturebeat.com,1,1,1.0,0
versestories.org,1,1,1.0,0
vfw.org,1,1,1.0,0
vg247.com,1,1,1.0,0
vgy.me,1,1,1.0,0
via.fox13now.com,1,1,1.0,0
via.fox59.com,1,1,1.0,0
video.foxnews.com,1,1,1.0,0
videocafe.crooksandliars.com,1,1,1.0,0
vietnampropaganda.com,1,1,1.0,0
villages-news.com,1,1,1.0,0
vindy.com,1,1,1.0,0
virginiamercury.com,1,1,1.0,0
wafb.com,1,1,1.0,0
wagmtv.com,1,1,1.0,0
walb.com,1,1,1.0,0
wapo.st,1,1,1.0,0
warisboring.com,1,1,1.0,0
warrelics.eu,1,1,1.0,0
washingtonstarnews.com,1,1,1.0,0
wate.com,1,1,1.0,0
waypoint.vice.com,1,1,1.0,0
wbaltv.com,1,1,1.0,0
wbir.com,1,1,1.0,0
wbko.com,1,1,1.0,0
wbtv.com,1,1,1.0,0
wbur.org,1,1,1.0,0
wcax.com,1,1,1.0,0
wcnc.com,1,1,1.0,0
wcpo.com,1,1,1.0,0
weau.com,1,1,1.0,0
webpronews.com,1,1,1.0,0
wect.com,1,1,1.0,0
weei.com,1,1,1.0,0
wegotthiscovered.com,1,1,1.0,0
wesh.com,1,1,1.0,0
westernjournalism.com,1,1,1.0,0
westernmorningnews.co.uk,1,1,1.0,0
wetnosesdogtreats.files.wordpress.com,1,1,1.0,0
wfae.org,1,1,1.0,0
wfmz.com,1,1,1.0,0
wfsb.com,1,1,1.0,0
wftv.com,1,1,1.0,0
whiotv.com,1,1,1.0,0
whiskeyleaks.net,1,1,1.0,0
whitehouse.gov,1,1,1.0,0
whnt.com,1,1,1.0,0
whowhatwhy.org,1,1,1.0,0
wickedcheaptravel.com,1,1,1.0,0
wideopenspaces.com,1,1,1.0,0
wikihow.com,1,1,1.0,0
wikileaks.org,1,1,1.0,0
wildlifesos.org,1,1,1.0,0
wilx.com,1,1,1.0,0
windowscentral.com,1,1,1.0,0
winnipegfreepress.com,1,1,1.0,0
witn.com,1,1,1.0,0
wivb.com,1,1,1.0,0
wjhl.com,1,1,1.0,0
wjtv.com,1,1,1.0,0
wlox.com,1,1,1.0,0
wlwt.com,1,1,1.0,0
wmcactionnews5.com,1,1,1.0,0
wmur.com,1,1,1.0,0
wncn.com,1,1,1.0,0
wnct.com,1,1,1.0,0
wordbrothel.com,1,1,1.0,0
world.time.com,1,1,1.0,0
wpdh.com,1,1,1.0,0
wpxi.com,1,1,1.0,0
wqad.com,1,1,1.0,0
wral.com,1,1,1.0,0
wrestlinginc.com,1,1,1.0,0
wsbradio.com,1,1,1.0,0
wsbtv.com,1,1,1.0,0
wset.com,1,1,1.0,0
wsfa.com,1,1,1.0,0
wsmv.com,1,1,1.0,0
wsws.org,1,1,1.0,0
wtnh.com,1,1,1.0,0
wtrf.com,1,1,1.0,0
wtvm.com,1,1,1.0,0
wusa9.com,1,1,1.0,0
ww1-propaganda-cards.com,1,1,1.0,0
ww2.kqed.org,1,1,1.0,0
wwe.com,1,1,1.0,0
wwjnewsradio.radio.com,1,1,1.0,0
wwmt.com,1,1,1.0,0
wwtonline.co.uk,1,1,1.0,0
www-m.cnn.com,1,1,1.0,0
wxyz.com,1,1,1.0,0
x22report.com,1,1,1.0,0
xbuzzfeed.com,1,1,1.0,0
xenagoguevicene.wordpress.com,1,1,1.0,0
yahoo.thepostgame.com,1,1,1.0,0
yankodesign.com,1,1,1.0,0
yewnorker.com,1,1,1.0,0
yorkpress.co.uk,1,1,1.0,0
yorkregion.com,1,1,1.0,0
yorkshirepost.co.uk,1,1,1.0,0
your4state.com,1,1,1.0,0
youredm.com,1,1,1.0,0
yourglenrosetx.com,1,1,1.0,0
zdnet.com,1,1,1.0,0
zoonooz.sandiegozoo.org,1,1,1.0,0
