subreddit,total,retained,retention_rate,removed
psbattle_artwork,7828,163,0.02082268778742974,7665
mildlyinteresting,3950,3443,0.8716455696202532,507
photoshopbattles,2558,2414,0.9437060203283816,144
pareidolia,2200,2039,0.9268181818181818,161
nottheonion,1529,1498,0.9797253106605625,31
fakehistoryporn,1521,1379,0.9066403681788298,142
upliftingnews,1034,1011,0.9777562862669246,23
fakealbumcovers,977,894,0.9150460593654043,83
misleadingthumbnails,797,756,0.9485570890840652,41
propagandaposters,620,606,0.9774193548387097,14
subredditsimulator,530,506,0.9547169811320755,24
confusing_perspective,385,347,0.9012987012987013,38
savedyouaclick,365,362,0.9917808219178083,3
neutralnews,355,326,0.9183098591549296,29
theonion,346,346,1.0,0
usnews,306,300,0.9803921568627451,6
usanews,256,251,0.98046875,5
pic,255,238,0.9333333333333333,17
satire,159,156,0.9811320754716981,3
waterfordwhispersnews,14,14,1.0,0
subsimulatorgpt2,13,5,0.38461538461538464,8
fakefacts,2,2,1.0,0
